len_km,mix,mu,seed,ncom,fst,rho
12.0000,0.0100,0.0060,0,2,0.030823,0.719759
12.0000,0.0100,0.0060,1,3,0.030004,0.767926
12.0000,0.0100,0.0060,2,2,0.037620,0.812261
12.0000,0.0100,0.0060,3,3,0.048330,0.825397
12.0000,0.0100,0.0060,4,3,0.038170,0.311987
12.0000,0.0100,0.0060,5,3,0.039167,0.293377
12.0000,0.0100,0.0060,6,3,0.044484,0.466338
12.0000,0.0100,0.0060,7,2,0.032019,0.564860
12.0000,0.0100,0.0060,8,3,0.055358,0.735632
12.0000,0.0100,0.0060,9,2,0.036192,0.715380
12.0000,0.0100,0.0060,10,3,0.048147,0.622332
12.0000,0.0100,0.0060,11,2,0.022102,0.748221
12.0000,0.0100,0.0120,0,2,0.015256,0.477833
12.0000,0.0100,0.0120,1,2,0.012993,0.313629
12.0000,0.0100,0.0120,2,3,0.021854,0.338259
12.0000,0.0100,0.0120,3,3,0.021378,0.318008
12.0000,0.0100,0.0120,4,4,0.030109,0.619595
12.0000,0.0100,0.0120,5,3,0.016834,0.313082
12.0000,0.0100,0.0120,6,3,0.015812,0.828681
12.0000,0.0100,0.0120,7,2,0.010917,0.870826
12.0000,0.0100,0.0120,8,3,0.019555,0.394089
12.0000,0.0100,0.0120,9,2,0.015646,0.702244
12.0000,0.0100,0.0120,10,3,0.028019,0.618500
12.0000,0.0100,0.0120,11,3,0.032304,0.448276
12.0000,0.0100,0.0240,0,2,0.006287,0.228243
12.0000,0.0100,0.0240,1,2,0.008280,0.199234
12.0000,0.0100,0.0240,2,2,0.010206,0.464696
12.0000,0.0100,0.0240,3,3,0.014765,0.620690
12.0000,0.0100,0.0240,4,2,0.004772,0.605911
12.0000,0.0100,0.0240,5,2,0.011001,0.290640
12.0000,0.0100,0.0240,6,2,0.009154,0.453202
12.0000,0.0100,0.0240,7,2,0.006290,0.313629
12.0000,0.0100,0.0240,8,2,0.009290,0.623426
12.0000,0.0100,0.0240,9,2,0.008220,0.375479
12.0000,0.0100,0.0240,10,2,0.010806,0.533114
12.0000,0.0100,0.0240,11,2,0.009062,0.332786
12.0000,0.0200,0.0060,0,2,0.017952,0.899288
12.0000,0.0200,0.0060,1,2,0.018581,0.797482
12.0000,0.0200,0.0060,2,3,0.035660,0.845101
12.0000,0.0200,0.0060,3,2,0.034719,0.758621
12.0000,0.0200,0.0060,4,3,0.036897,0.503558
12.0000,0.0200,0.0060,5,3,0.037904,0.442802
12.0000,0.0200,0.0060,6,2,0.028387,0.764094
12.0000,0.0200,0.0060,7,2,0.025417,0.524904
12.0000,0.0200,0.0060,8,2,0.023716,0.744390
12.0000,0.0200,0.0060,9,2,0.035692,0.690750
12.0000,0.0200,0.0060,10,2,0.022171,0.602080
12.0000,0.0200,0.0060,11,2,0.025228,0.548987
12.0000,0.0200,0.0120,0,3,0.022676,0.598796
12.0000,0.0200,0.0120,1,3,0.022137,0.297209
12.0000,0.0200,0.0120,2,3,0.022718,0.400109
12.0000,0.0200,0.0120,3,2,0.014314,0.321839
12.0000,0.0200,0.0120,4,3,0.018996,0.734537
12.0000,0.0200,0.0120,5,2,0.012726,0.529283
12.0000,0.0200,0.0120,6,3,0.025263,0.740011
12.0000,0.0200,0.0120,7,2,0.012559,0.558292
12.0000,0.0200,0.0120,8,3,0.013243,0.610290
12.0000,0.0200,0.0120,9,3,0.015844,0.487685
12.0000,0.0200,0.0120,10,2,0.012994,0.447729
12.0000,0.0200,0.0120,11,3,0.021615,0.692939
12.0000,0.0200,0.0240,0,2,0.008107,0.228790
12.0000,0.0200,0.0240,1,2,0.006415,0.229338
12.0000,0.0200,0.0240,2,2,0.005817,0.359059
12.0000,0.0200,0.0240,3,2,0.009714,0.592775
12.0000,0.0200,0.0240,4,2,0.005186,0.483853
12.0000,0.0200,0.0240,5,2,0.009049,0.599891
12.0000,0.0200,0.0240,6,2,0.010899,0.468528
12.0000,0.0200,0.0240,7,2,0.004905,0.272578
12.0000,0.0200,0.0240,8,2,0.004885,0.453202
12.0000,0.0200,0.0240,9,2,0.007857,0.336617
12.0000,0.0200,0.0240,10,2,0.013208,0.533114
12.0000,0.0200,0.0240,11,2,0.010770,0.373290
12.0000,0.0500,0.0060,0,2,0.018225,0.621237
12.0000,0.0500,0.0060,1,3,0.032865,0.906404
12.0000,0.0500,0.0060,2,3,0.032426,0.845101
12.0000,0.0500,0.0060,3,2,0.025470,0.786535
12.0000,0.0500,0.0060,4,3,0.035883,0.891626
12.0000,0.0500,0.0060,5,3,0.048044,0.858785
12.0000,0.0500,0.0060,6,3,0.034191,0.746032
12.0000,0.0500,0.0060,7,2,0.019984,0.854953
12.0000,0.0500,0.0060,8,3,0.031035,0.614669
12.0000,0.0500,0.0060,9,3,0.031593,0.535304
12.0000,0.0500,0.0060,10,3,0.039031,0.522167
12.0000,0.0500,0.0060,11,3,0.041406,0.150520
12.0000,0.0500,0.0120,0,2,0.012156,0.788725
12.0000,0.0500,0.0120,1,3,0.020305,0.145047
12.0000,0.0500,0.0120,2,2,0.017438,0.608648
12.0000,0.0500,0.0120,3,2,0.011243,0.622332
12.0000,0.0500,0.0120,4,3,0.016979,0.369458
12.0000,0.0500,0.0120,5,2,0.008597,0.588944
12.0000,0.0500,0.0120,6,2,0.013442,0.656267
12.0000,0.0500,0.0120,7,2,0.011728,0.633279
12.0000,0.0500,0.0120,8,2,0.007152,0.737822
12.0000,0.0500,0.0120,9,2,0.010698,0.726327
12.0000,0.0500,0.0120,10,2,0.014502,0.370553
12.0000,0.0500,0.0120,11,2,0.010882,0.434592
12.0000,0.0500,0.0240,0,2,0.007879,0.279693
12.0000,0.0500,0.0240,1,2,0.005277,0.184455
12.0000,0.0500,0.0240,2,2,0.009970,0.622332
12.0000,0.0500,0.0240,3,2,0.006090,0.560482
12.0000,0.0500,0.0240,4,2,0.007844,0.440066
12.0000,0.0500,0.0240,5,2,0.009285,0.649699
12.0000,0.0500,0.0240,6,2,0.007244,0.700602
12.0000,0.0500,0.0240,7,2,0.004139,0.273125
12.0000,0.0500,0.0240,8,2,0.008727,0.442802
12.0000,0.0500,0.0240,9,2,0.007415,0.696771
12.0000,0.0500,0.0240,10,2,0.004710,0.733443
12.0000,0.0500,0.0240,11,2,0.008927,0.090312
18.0000,0.0100,0.0060,0,2,0.028755,0.643678
18.0000,0.0100,0.0060,1,3,0.044261,0.791461
18.0000,0.0100,0.0060,2,2,0.028817,0.710454
18.0000,0.0100,0.0060,3,3,0.057819,0.771210
18.0000,0.0100,0.0060,4,3,0.031604,0.410509
18.0000,0.0100,0.0060,5,2,0.021295,0.259442
18.0000,0.0100,0.0060,6,3,0.035574,0.502463
18.0000,0.0100,0.0060,7,2,0.021526,0.695129
18.0000,0.0100,0.0060,8,3,0.056697,0.680350
18.0000,0.0100,0.0060,9,3,0.046797,0.644773
18.0000,0.0100,0.0060,10,3,0.046882,0.634921
18.0000,0.0100,0.0060,11,3,0.040635,0.889984
18.0000,0.0100,0.0120,0,2,0.013736,0.415982
18.0000,0.0100,0.0120,1,3,0.019836,0.194308
18.0000,0.0100,0.0120,2,3,0.021959,0.619595
18.0000,0.0100,0.0120,3,2,0.011732,0.475643
18.0000,0.0100,0.0120,4,3,0.021533,0.584018
18.0000,0.0100,0.0120,5,2,0.016283,0.570881
18.0000,0.0100,0.0120,6,3,0.019793,0.801861
18.0000,0.0100,0.0120,7,2,0.010393,0.767926
18.0000,0.0100,0.0120,8,2,0.009837,0.612479
18.0000,0.0100,0.0120,9,2,0.015892,0.631089
18.0000,0.0100,0.0120,10,3,0.032030,0.501368
18.0000,0.0100,0.0120,11,2,0.015929,0.462507
18.0000,0.0100,0.0240,0,2,0.005000,0.287356
18.0000,0.0100,0.0240,1,2,0.008624,0.239737
18.0000,0.0100,0.0240,2,2,0.009392,0.333333
18.0000,0.0100,0.0240,3,2,0.007240,0.633826
18.0000,0.0100,0.0240,4,2,0.006256,0.573071
18.0000,0.0100,0.0240,5,2,0.010817,0.217296
18.0000,0.0100,0.0240,6,2,0.005473,0.498632
18.0000,0.0100,0.0240,7,2,0.006967,0.217843
18.0000,0.0100,0.0240,8,2,0.007895,0.629447
18.0000,0.0100,0.0240,9,2,0.010007,0.276957
18.0000,0.0100,0.0240,10,2,0.012936,0.516694
18.0000,0.0100,0.0240,11,2,0.010528,0.197592
18.0000,0.0200,0.0060,0,3,0.033861,0.784893
18.0000,0.0200,0.0060,1,2,0.021648,0.843459
18.0000,0.0200,0.0060,2,3,0.027778,0.686918
18.0000,0.0200,0.0060,3,2,0.028419,0.758621
18.0000,0.0200,0.0060,4,3,0.026733,0.451560
18.0000,0.0200,0.0060,5,2,0.020512,0.848933
18.0000,0.0200,0.0060,6,3,0.042955,0.702791
18.0000,0.0200,0.0060,7,3,0.038398,0.429666
18.0000,0.0200,0.0060,8,2,0.025793,0.661741
18.0000,0.0200,0.0060,9,2,0.026255,0.812808
18.0000,0.0200,0.0060,10,2,0.020341,0.016420
18.0000,0.0200,0.0060,11,3,0.040718,0.838533
18.0000,0.0200,0.0120,0,2,0.011527,0.736727
18.0000,0.0200,0.0120,1,2,0.009287,0.066776
18.0000,0.0200,0.0120,2,2,0.011373,0.403394
18.0000,0.0200,0.0120,3,2,0.014493,0.292830
18.0000,0.0200,0.0120,4,3,0.019463,0.656267
18.0000,0.0200,0.0120,5,2,0.017331,0.686918
18.0000,0.0200,0.0120,6,2,0.010853,0.793651
18.0000,0.0200,0.0120,7,3,0.019822,0.438424
18.0000,0.0200,0.0120,8,2,0.006616,0.775041
18.0000,0.0200,0.0120,9,3,0.017596,0.721401
18.0000,0.0200,0.0120,10,2,0.011862,0.594417
18.0000,0.0200,0.0120,11,3,0.020028,0.632731
18.0000,0.0200,0.0240,0,2,0.008060,0.343186
18.0000,0.0200,0.0240,1,2,0.011684,0.124247
18.0000,0.0200,0.0240,2,2,0.006680,0.469622
18.0000,0.0200,0.0240,3,2,0.009007,0.617406
18.0000,0.0200,0.0240,4,2,0.005914,0.555556
18.0000,0.0200,0.0240,5,2,0.010627,0.516694
18.0000,0.0200,0.0240,6,2,0.008950,0.507389
18.0000,0.0200,0.0240,7,2,0.005076,0.234811
18.0000,0.0200,0.0240,8,2,0.008918,0.428571
18.0000,0.0200,0.0240,9,2,0.013566,0.311987
18.0000,0.0200,0.0240,10,2,0.004335,0.516147
18.0000,0.0200,0.0240,11,2,0.010447,0.091407
18.0000,0.0500,0.0060,0,2,0.017482,0.875753
18.0000,0.0500,0.0060,1,3,0.035377,0.789272
18.0000,0.0500,0.0060,2,2,0.025416,0.890531
18.0000,0.0500,0.0060,3,2,0.023836,0.890531
18.0000,0.0500,0.0060,4,2,0.025756,0.532020
18.0000,0.0500,0.0060,5,2,0.029978,0.818829
18.0000,0.0500,0.0060,6,3,0.031547,0.864258
18.0000,0.0500,0.0060,7,3,0.027288,0.869184
18.0000,0.0500,0.0060,8,2,0.021662,0.505200
18.0000,0.0500,0.0060,9,3,0.034505,0.758621
18.0000,0.0500,0.0060,10,3,0.032872,0.505747
18.0000,0.0500,0.0060,11,2,0.028366,0.806787
18.0000,0.0500,0.0120,0,2,0.009456,0.842365
18.0000,0.0500,0.0120,1,2,0.011366,0.550082
18.0000,0.0500,0.0120,2,2,0.015833,0.536946
18.0000,0.0500,0.0120,3,2,0.012519,0.142310
18.0000,0.0500,0.0120,4,2,0.009695,0.127531
18.0000,0.0500,0.0120,5,2,0.011961,0.356322
18.0000,0.0500,0.0120,6,2,0.014517,0.622879
18.0000,0.0500,0.0120,7,3,0.017805,0.566502
18.0000,0.0500,0.0120,8,2,0.008469,0.674330
18.0000,0.0500,0.0120,9,2,0.012831,0.624521
18.0000,0.0500,0.0120,10,3,0.017319,0.552819
18.0000,0.0500,0.0120,11,2,0.014863,0.476738
18.0000,0.0500,0.0240,0,2,0.005701,0.476738
18.0000,0.0500,0.0240,1,2,0.010570,0.183361
18.0000,0.0500,0.0240,2,2,0.006063,0.434592
18.0000,0.0500,0.0240,3,2,0.007737,0.643678
18.0000,0.0500,0.0240,4,2,0.010244,0.344828
18.0000,0.0500,0.0240,5,2,0.003282,0.362890
18.0000,0.0500,0.0240,6,2,0.009301,0.723591
18.0000,0.0500,0.0240,7,2,0.008664,0.344828
18.0000,0.0500,0.0240,8,2,0.003677,0.600985
18.0000,0.0500,0.0240,9,2,0.009086,0.505747
18.0000,0.0500,0.0240,10,2,0.010802,0.510673
18.0000,0.0500,0.0240,11,2,0.012363,0.366174
24.0000,0.0100,0.0060,0,2,0.031624,0.881773
24.0000,0.0100,0.0060,1,2,0.024484,0.611932
24.0000,0.0100,0.0060,2,2,0.024647,0.551724
24.0000,0.0100,0.0060,3,3,0.053585,0.852764
24.0000,0.0100,0.0060,4,4,0.048947,0.444992
24.0000,0.0100,0.0060,5,2,0.023633,0.220033
24.0000,0.0100,0.0060,6,2,0.035843,0.534209
24.0000,0.0100,0.0060,7,2,0.022933,0.699507
24.0000,0.0100,0.0060,8,3,0.059899,0.402299
24.0000,0.0100,0.0060,9,3,0.050003,0.657362
24.0000,0.0100,0.0060,10,3,0.037363,0.349754
24.0000,0.0100,0.0060,11,3,0.045509,0.779420
24.0000,0.0100,0.0120,0,2,0.014798,0.375479
24.0000,0.0100,0.0120,1,3,0.027524,0.312534
24.0000,0.0100,0.0120,2,3,0.018960,0.681445
24.0000,0.0100,0.0120,3,2,0.012427,0.558840
24.0000,0.0100,0.0120,4,3,0.020636,0.628352
24.0000,0.0100,0.0120,5,2,0.011589,0.487685
24.0000,0.0100,0.0120,6,2,0.010326,0.773946
24.0000,0.0100,0.0120,7,2,0.012326,0.738369
24.0000,0.0100,0.0120,8,2,0.012188,0.674877
24.0000,0.0100,0.0120,9,2,0.018496,0.660099
24.0000,0.0100,0.0120,10,3,0.025125,0.507937
24.0000,0.0100,0.0120,11,3,0.019665,0.470170
24.0000,0.0100,0.0240,0,2,0.008493,0.307061
24.0000,0.0100,0.0240,1,2,0.009413,0.200876
24.0000,0.0100,0.0240,2,2,0.009774,0.473454
24.0000,0.0100,0.0240,3,2,0.005632,0.658456
24.0000,0.0100,0.0240,4,2,0.006503,0.645868
24.0000,0.0100,0.0240,5,2,0.013102,0.280241
24.0000,0.0100,0.0240,6,2,0.009209,0.606459
24.0000,0.0100,0.0240,7,2,0.006179,0.237001
24.0000,0.0100,0.0240,8,2,0.007362,0.519978
24.0000,0.0100,0.0240,9,2,0.004591,0.364532
24.0000,0.0100,0.0240,10,2,0.013254,0.495348
24.0000,0.0100,0.0240,11,2,0.012762,0.218938
24.0000,0.0200,0.0060,0,3,0.027641,0.826492
24.0000,0.0200,0.0060,1,2,0.025411,0.716475
24.0000,0.0200,0.0060,2,2,0.023309,0.518336
24.0000,0.0200,0.0060,3,3,0.039972,0.922277
24.0000,0.0200,0.0060,4,2,0.014634,0.319102
24.0000,0.0200,0.0060,5,3,0.033774,0.501916
24.0000,0.0200,0.0060,6,2,0.022687,0.737274
24.0000,0.0200,0.0060,7,3,0.036995,0.181719
24.0000,0.0200,0.0060,8,3,0.036833,0.602627
24.0000,0.0200,0.0060,9,2,0.023226,0.820471
24.0000,0.0200,0.0060,10,2,0.017622,0.082102
24.0000,0.0200,0.0060,11,3,0.033011,0.882868
24.0000,0.0200,0.0120,0,2,0.012121,0.708812
24.0000,0.0200,0.0120,1,2,0.018052,0.589491
24.0000,0.0200,0.0120,2,3,0.021558,0.725780
24.0000,0.0200,0.0120,3,2,0.014572,0.672687
24.0000,0.0200,0.0120,4,2,0.008830,0.561576
24.0000,0.0200,0.0120,5,2,0.015224,0.591133
24.0000,0.0200,0.0120,6,2,0.008031,0.797482
24.0000,0.0200,0.0120,7,2,0.014344,0.489874
24.0000,0.0200,0.0120,8,2,0.006787,0.721949
24.0000,0.0200,0.0120,9,2,0.014821,0.482211
24.0000,0.0200,0.0120,10,2,0.011282,0.491516
24.0000,0.0200,0.0120,11,3,0.026303,0.708812
24.0000,0.0200,0.0240,0,2,0.004219,0.363437
24.0000,0.0200,0.0240,1,2,0.004367,0.338259
24.0000,0.0200,0.0240,2,2,0.007274,0.420909
24.0000,0.0200,0.0240,3,2,0.004718,0.542419
24.0000,0.0200,0.0240,4,2,0.006039,0.469075
24.0000,0.0200,0.0240,5,2,0.008583,0.279693
24.0000,0.0200,0.0240,6,2,0.009525,0.600985
24.0000,0.0200,0.0240,7,2,0.006614,0.287904
24.0000,0.0200,0.0240,8,2,0.010188,0.260536
24.0000,0.0200,0.0240,9,2,0.009107,0.443897
24.0000,0.0200,0.0240,10,2,0.009186,0.647510
24.0000,0.0200,0.0240,11,2,0.009853,0.404488
24.0000,0.0500,0.0060,0,2,0.017015,0.582923
24.0000,0.0500,0.0060,1,2,0.017469,0.865353
24.0000,0.0500,0.0060,2,3,0.031924,0.823207
24.0000,0.0500,0.0060,3,3,0.029848,0.629995
24.0000,0.0500,0.0060,4,2,0.023930,0.765189
24.0000,0.0500,0.0060,5,2,0.027437,0.772852
24.0000,0.0500,0.0060,6,2,0.023039,0.893268
24.0000,0.0500,0.0060,7,3,0.021854,0.442802
24.0000,0.0500,0.0060,8,2,0.024952,0.851122
24.0000,0.0500,0.0060,9,3,0.025705,0.806787
24.0000,0.0500,0.0060,10,2,0.015348,0.852217
24.0000,0.0500,0.0060,11,3,0.029220,0.420909
24.0000,0.0500,0.0120,0,2,0.015283,0.739464
24.0000,0.0500,0.0120,1,3,0.016905,0.379858
24.0000,0.0500,0.0120,2,2,0.016908,0.497537
24.0000,0.0500,0.0120,3,2,0.013357,0.390257
24.0000,0.0500,0.0120,4,2,0.011331,0.660099
24.0000,0.0500,0.0120,5,2,0.009264,0.447181
24.0000,0.0500,0.0120,6,2,0.016307,0.568144
24.0000,0.0500,0.0120,7,2,0.010041,0.675972
24.0000,0.0500,0.0120,8,2,0.012950,0.775588
24.0000,0.0500,0.0120,9,2,0.011636,0.354680
24.0000,0.0500,0.0120,10,2,0.013813,0.657909
24.0000,0.0500,0.0120,11,2,0.012252,0.544609
24.0000,0.0500,0.0240,0,2,0.008235,0.314176
24.0000,0.0500,0.0240,1,2,0.005732,0.259442
24.0000,0.0500,0.0240,2,2,0.011070,0.529283
24.0000,0.0500,0.0240,3,2,0.010412,0.499726
24.0000,0.0500,0.0240,4,2,0.007376,0.318008
24.0000,0.0500,0.0240,5,2,0.008715,0.126984
24.0000,0.0500,0.0240,6,2,0.009463,0.765189
24.0000,0.0500,0.0240,7,2,0.004384,0.377121
24.0000,0.0500,0.0240,8,2,0.006208,0.356322
24.0000,0.0500,0.0240,9,2,0.009289,0.415435
24.0000,0.0500,0.0240,10,2,0.010852,0.255610
24.0000,0.0500,0.0240,11,2,0.011277,0.397920
36.0000,0.0100,0.0060,0,2,0.026606,0.817187
36.0000,0.0100,0.0060,1,2,0.026006,0.293924
36.0000,0.0100,0.0060,2,3,0.031223,0.799672
36.0000,0.0100,0.0060,3,2,0.031625,0.857143
36.0000,0.0100,0.0060,4,4,0.041167,0.583470
36.0000,0.0100,0.0060,5,2,0.026301,0.526546
36.0000,0.0100,0.0060,6,2,0.025511,0.593870
36.0000,0.0100,0.0060,7,2,0.023961,0.498632
36.0000,0.0100,0.0060,8,3,0.042579,0.877395
36.0000,0.0100,0.0060,9,3,0.047964,0.559387
36.0000,0.0100,0.0060,10,2,0.026051,0.415982
36.0000,0.0100,0.0060,11,2,0.023912,0.756431
36.0000,0.0100,0.0120,0,2,0.013876,0.357417
36.0000,0.0100,0.0120,1,3,0.024031,0.354132
36.0000,0.0100,0.0120,2,3,0.023601,0.661741
36.0000,0.0100,0.0120,3,2,0.012134,0.623426
36.0000,0.0100,0.0120,4,3,0.021036,0.626163
36.0000,0.0100,0.0120,5,2,0.020669,0.423098
36.0000,0.0100,0.0120,6,3,0.021769,0.661193
36.0000,0.0100,0.0120,7,3,0.020696,0.685824
36.0000,0.0100,0.0120,8,3,0.017798,0.611932
36.0000,0.0100,0.0120,9,2,0.017405,0.718664
36.0000,0.0100,0.0120,10,2,0.017553,0.321292
36.0000,0.0100,0.0120,11,2,0.014245,0.426382
36.0000,0.0100,0.0240,0,2,0.004140,0.368363
36.0000,0.0100,0.0240,1,2,0.005244,0.365627
36.0000,0.0100,0.0240,2,2,0.009773,0.334975
36.0000,0.0100,0.0240,3,3,0.012442,0.714286
36.0000,0.0100,0.0240,4,2,0.006658,0.538041
36.0000,0.0100,0.0240,5,2,0.013785,0.415982
36.0000,0.0100,0.0240,6,2,0.008903,0.509031
36.0000,0.0100,0.0240,7,2,0.006613,0.170224
36.0000,0.0100,0.0240,8,2,0.005729,0.533662
36.0000,0.0100,0.0240,9,2,0.005137,0.357417
36.0000,0.0100,0.0240,10,2,0.013085,0.584018
36.0000,0.0100,0.0240,11,2,0.009775,0.331691
36.0000,0.0200,0.0060,0,2,0.025149,0.853859
36.0000,0.0200,0.0060,1,2,0.012962,0.752053
36.0000,0.0200,0.0060,2,2,0.025205,0.795840
36.0000,0.0200,0.0060,3,2,0.025532,0.846196
36.0000,0.0200,0.0060,4,3,0.024110,0.710454
36.0000,0.0200,0.0060,5,2,0.030596,0.620142
36.0000,0.0200,0.0060,6,2,0.026634,0.844554
36.0000,0.0200,0.0060,7,2,0.017366,0.339901
36.0000,0.0200,0.0060,8,3,0.033919,0.862069
36.0000,0.0200,0.0060,9,2,0.031119,0.766831
36.0000,0.0200,0.0060,10,2,0.015551,0.085386
36.0000,0.0200,0.0060,11,3,0.024842,0.748221
36.0000,0.0200,0.0120,0,2,0.015758,0.749863
36.0000,0.0200,0.0120,1,2,0.017171,0.624521
36.0000,0.0200,0.0120,2,2,0.013126,0.770115
36.0000,0.0200,0.0120,3,2,0.015455,0.545703
36.0000,0.0200,0.0120,4,2,0.015881,0.568692
36.0000,0.0200,0.0120,5,2,0.013403,0.694581
36.0000,0.0200,0.0120,6,2,0.012317,0.710454
36.0000,0.0200,0.0120,7,2,0.009102,0.610837
36.0000,0.0200,0.0120,8,2,0.008116,0.729064
36.0000,0.0200,0.0120,9,2,0.014589,0.584018
36.0000,0.0200,0.0120,10,2,0.010127,0.402846
36.0000,0.0200,0.0120,11,2,0.017721,0.634373
36.0000,0.0200,0.0240,0,2,0.005599,0.499726
36.0000,0.0200,0.0240,1,2,0.011174,0.490421
36.0000,0.0200,0.0240,2,2,0.007055,0.325123
36.0000,0.0200,0.0240,3,2,0.006332,0.618500
36.0000,0.0200,0.0240,4,2,0.006240,0.522167
36.0000,0.0200,0.0240,5,2,0.006509,0.310345
36.0000,0.0200,0.0240,6,2,0.008696,0.528736
36.0000,0.0200,0.0240,7,2,0.004380,0.337712
36.0000,0.0200,0.0240,8,2,0.005620,0.384236
36.0000,0.0200,0.0240,9,2,0.008130,0.447181
36.0000,0.0200,0.0240,10,2,0.011307,0.636563
36.0000,0.0200,0.0240,11,2,0.009125,0.303229
36.0000,0.0500,0.0060,0,2,0.014881,0.802956
36.0000,0.0500,0.0060,1,2,0.019829,0.885057
36.0000,0.0500,0.0060,2,2,0.022629,0.893268
36.0000,0.0500,0.0060,3,2,0.019861,0.905857
36.0000,0.0500,0.0060,4,2,0.027379,0.711549
36.0000,0.0500,0.0060,5,2,0.023760,0.874658
36.0000,0.0500,0.0060,6,2,0.022840,0.866448
36.0000,0.0500,0.0060,7,2,0.017275,0.799672
36.0000,0.0500,0.0060,8,2,0.019867,0.854953
36.0000,0.0500,0.0060,9,2,0.017855,0.777778
36.0000,0.0500,0.0060,10,2,0.017740,0.712644
36.0000,0.0500,0.0060,11,2,0.024837,0.696771
36.0000,0.0500,0.0120,0,2,0.013973,0.652436
36.0000,0.0500,0.0120,1,2,0.015669,0.501916
36.0000,0.0500,0.0120,2,2,0.013854,0.405583
36.0000,0.0500,0.0120,3,2,0.013942,0.634373
36.0000,0.0500,0.0120,4,2,0.014648,0.067871
36.0000,0.0500,0.0120,5,2,0.010896,0.477833
36.0000,0.0500,0.0120,6,2,0.013250,0.701697
36.0000,0.0500,0.0120,7,2,0.014131,0.665572
36.0000,0.0500,0.0120,8,3,0.014003,0.646415
36.0000,0.0500,0.0120,9,2,0.013311,0.588944
36.0000,0.0500,0.0120,10,2,0.013465,0.570881
36.0000,0.0500,0.0120,11,2,0.014346,0.458675
36.0000,0.0500,0.0240,0,2,0.008361,0.237001
36.0000,0.0500,0.0240,1,2,0.009917,0.297209
36.0000,0.0500,0.0240,2,2,0.008517,0.482759
36.0000,0.0500,0.0240,3,2,0.003895,0.729064
36.0000,0.0500,0.0240,4,2,0.011266,0.558840
36.0000,0.0500,0.0240,5,2,0.009186,0.482211
36.0000,0.0500,0.0240,6,2,0.007372,0.669951
36.0000,0.0500,0.0240,7,2,0.008594,0.183361
36.0000,0.0500,0.0240,8,2,0.006865,0.238643
36.0000,0.0500,0.0240,9,2,0.008795,0.639299
36.0000,0.0500,0.0240,10,2,0.010546,0.310892
36.0000,0.0500,0.0240,11,2,0.011098,0.645868
