seed,nc_co,nc_tt,fst_co,fst_tt
0,3.0,3.0,0.02265257659363782,0.009582380387157849
1,3.0,2.0,0.022136947988566903,0.006036204317427688
2,4.0,2.0,0.060951164670367826,0.008795861165923334
3,4.0,2.0,0.037312017792187964,0.00393357363339308
4,3.0,3.0,0.02417237803478161,0.013756316355341889
5,3.0,2.0,0.028224304791300708,0.007584687581849912
6,4.0,2.0,0.028933186839317056,0.004338534527732809
7,3.0,2.0,0.013032000982034447,0.006035262157906531
8,4.0,2.0,0.030412588561172786,0.007227055929732671
9,3.0,2.0,0.030085615838916755,0.006496833748204619
10,3.0,2.0,0.023370613377350843,0.006609459455492635
11,3.0,2.0,0.023019895462017437,0.005819790988239062
12,3.0,2.0,0.02450215135637561,0.008540730074249369
13,3.0,2.0,0.015485792514295977,0.00674821333866503
14,3.0,2.0,0.01731697538559176,0.005277538817269474
15,3.0,2.0,0.020789457493675313,0.004786723773403096
16,3.0,2.0,0.017383897173758184,0.004816961728838294
17,4.0,2.0,0.031908166185100006,0.00397155977101261
18,4.0,2.0,0.029199761704976186,0.005115180557945676
19,4.0,2.0,0.025669351020757052,0.005029745248104545
20,3.0,2.0,0.015849328502145092,0.00434486762485114
21,4.0,2.0,0.020254608370289338,0.0065909409987722585
22,3.0,2.0,0.017575304613310035,0.007642456395523689
23,3.0,2.0,0.023263855927987433,0.0048047144727783025
24,4.0,2.0,0.020191272999050887,0.006303395177853536
25,3.0,3.0,0.02328911678601937,0.007899226704243107
26,3.0,2.0,0.020799325533934595,0.0047948110209742045
27,3.0,2.0,0.022725550231352157,0.005254215992557325
28,3.0,2.0,0.03734325778655726,0.00542373809268268
29,3.0,2.0,0.022991616500944775,0.006743285279054525
30,3.0,2.0,0.025699094517232877,0.005020971038343848
31,3.0,2.0,0.014907761949340397,0.005305472678209945
32,3.0,2.0,0.022572683902326043,0.005233160378578936
33,3.0,2.0,0.017369577893246904,0.004370431933228736
34,3.0,3.0,0.023704148129879362,0.009711505434982247
35,3.0,2.0,0.02397156221033123,0.005157199249221221
36,3.0,2.0,0.016039326267394797,0.005798455173899783
37,3.0,2.0,0.021429843432718566,0.0053011244825887085
38,3.0,2.0,0.015599116951630083,0.007964770429994283
39,4.0,2.0,0.016835361258300006,0.006038704823143946
40,3.0,2.0,0.022682605726476048,0.005185664952945228
41,3.0,2.0,0.015316504306105615,0.0030060045566141034
42,3.0,3.0,0.024628825808325004,0.007630967470886339
43,3.0,2.0,0.01988057489727023,0.004617699487865837
44,3.0,2.0,0.020078929791162513,0.007455456816135445
45,3.0,2.0,0.02219438198611886,0.004717304597594803
46,3.0,2.0,0.0195913889655038,0.0059149759233085315
47,5.0,2.0,0.04581731394822269,0.007256976353068124
48,3.0,2.0,0.019394352510133012,0.004736357561336028
49,4.0,2.0,0.018466239301173276,0.003934634347079753
50,4.0,2.0,0.03662920039102421,0.005392709409405882
51,3.0,2.0,0.024571479579307,0.004520998145825628
52,3.0,2.0,0.023935090972945616,0.009076703184621207
53,3.0,2.0,0.02341627239990115,0.006478076211763703
54,3.0,2.0,0.024246869047545368,0.0063993280234692414
55,4.0,3.0,0.03713398318313058,0.009002359427016077
56,3.0,2.0,0.024423605082009827,0.004677770778989901
57,3.0,2.0,0.018063648828717936,0.01248169025699554
58,3.0,2.0,0.011771675346748986,0.005166367558800313
59,2.0,3.0,0.0055096773669829876,0.0075133888872329704
60,4.0,2.0,0.03938767194448976,0.0077373009871875955
61,4.0,2.0,0.028406277936723463,0.0047424784193377985
62,3.0,2.0,0.012744449309485055,0.006322247353099051
63,4.0,2.0,0.026519338424783687,0.007802160525855767
64,2.0,2.0,0.0112120747443377,0.007694951969112336
65,3.0,2.0,0.018673451823817702,0.005566786580240543
66,3.0,2.0,0.016652921137031304,0.006084532103849518
67,3.0,2.0,0.01239989491273356,0.010446074956881796
68,4.0,2.0,0.030894346790918716,0.005089183808204799
69,4.0,2.0,0.019636228096597295,0.005128517663369594
70,3.0,2.0,0.02339775184575246,0.0065890404353545606
71,4.0,2.0,0.021144981847831756,0.005157957149641615
72,3.0,2.0,0.02647149515837962,0.006648855953258738
73,4.0,2.0,0.03610609961226036,0.004358587983555017
74,3.0,2.0,0.025023979788054786,0.006920428213954743
75,3.0,2.0,0.026650377785289645,0.005832045846461976
76,4.0,2.0,0.042658677941424965,0.005239148127994936
77,4.0,3.0,0.024435112974784193,0.007753505137157108
78,3.0,2.0,0.018875398621537663,0.00710339583217022
79,4.0,2.0,0.02407700277516819,0.007225627195110896
80,4.0,2.0,0.03196635322614162,0.007074932762892283
81,3.0,2.0,0.022662029056453398,0.006418541176719462
82,3.0,2.0,0.02242477886725505,0.005269802369028909
83,3.0,2.0,0.015847962218329775,0.005272053346540823
84,4.0,2.0,0.034630257630947535,0.004504864916235996
85,3.0,2.0,0.01602004745960786,0.004787511601908607
86,5.0,3.0,0.03622039031629421,0.007952725680048503
87,4.0,2.0,0.035745763920974304,0.003962326664010828
88,3.0,2.0,0.017875879767280164,0.006406270462220464
89,3.0,2.0,0.021265601458293464,0.005099497564776537
90,3.0,2.0,0.023631735666619594,0.00806520440229755
91,4.0,2.0,0.025284603507152777,0.00826842519712879
92,5.0,2.0,0.043389397703820325,0.003814102686398872
93,4.0,3.0,0.02891856062865844,0.008791080106649099
94,3.0,2.0,0.024612524023609132,0.00402538257505096
95,3.0,2.0,0.019796408615138598,0.004595175376667839
96,2.0,2.0,0.011493594266106995,0.006876100153089731
97,3.0,2.0,0.02022535274801215,0.006017423241641413
98,4.0,2.0,0.03144681309913967,0.007899341543121384
99,3.0,2.0,0.024941093354691767,0.004025242664739263
100,3.0,2.0,0.03200242298613651,0.004600440408711288
101,4.0,3.0,0.03398939381476085,0.008779553344354115
102,4.0,2.0,0.027463113903547397,0.005282714427940041
103,4.0,2.0,0.024537720172138365,0.00997793479540371
104,3.0,2.0,0.041354996071310685,0.003919819798383014
105,4.0,2.0,0.028697568234551697,0.004820488573951324
106,3.0,2.0,0.017767238034537048,0.006508793233932928
107,4.0,2.0,0.05425908998357511,0.003915332104575614
108,3.0,3.0,0.026750919067953377,0.00957274632402792
109,4.0,2.0,0.031293360708348296,0.004447477712519432
110,3.0,2.0,0.01606710217128258,0.007702519135632855
111,3.0,2.0,0.02241163668353909,0.007271777918287258
112,3.0,2.0,0.018875556318079093,0.005262812945726362
113,4.0,2.0,0.04277126879838162,0.005672510640773051
114,3.0,2.0,0.019865829023244474,0.005450271589800134
115,3.0,2.0,0.023106877444799508,0.009312610420411134
116,3.0,2.0,0.018601397556089968,0.004321805620310426
117,4.0,2.0,0.029300669470174137,0.004986861429712008
118,3.0,2.0,0.02548604987767569,0.006815788022840211
119,4.0,2.0,0.022547724185899228,0.005091749856954651
120,3.0,3.0,0.031415418359432845,0.00881245137867558
121,4.0,3.0,0.036653456649659695,0.00925103672957396
122,3.0,2.0,0.03300803095299595,0.007182279407614842
123,4.0,3.0,0.02592135208736186,0.01193233824892609
124,4.0,2.0,0.043365245550578274,0.0056509163414902325
125,4.0,2.0,0.025341887070959815,0.006048372084522016
126,3.0,2.0,0.019301750019840296,0.008561385793859087
127,3.0,2.0,0.041474479223243876,0.006089028293619826
128,3.0,2.0,0.026920935915174755,0.00518285863402339
129,3.0,2.0,0.026446803766835916,0.0037578860721241784
130,3.0,2.0,0.02565932315599689,0.005154160144526959
131,3.0,2.0,0.02158562466302991,0.008198065700338694
132,4.0,2.0,0.024801582568042456,0.006252604035433991
133,3.0,2.0,0.02840984056633994,0.0053217537370758615
134,3.0,2.0,0.022747965316261495,0.005474436899298398
135,4.0,2.0,0.03382514850933532,0.004118277127628282
136,3.0,2.0,0.018719673169179784,0.006292293891712681
137,3.0,3.0,0.027424850843263942,0.006197817706823567
138,3.0,2.0,0.017124512300745298,0.005098238053583568
139,3.0,2.0,0.017066408043405007,0.005275407137992329
140,3.0,2.0,0.019351303594675746,0.006923809422735448
141,3.0,2.0,0.02179443909926414,0.00662409876542582
142,3.0,2.0,0.02343639740636276,0.006004181021123963
143,3.0,2.0,0.01757607597423582,0.004958293620718288
144,3.0,2.0,0.03558404827664399,0.005532189280755817
145,4.0,2.0,0.026671220040145993,0.005736173407188924
146,3.0,2.0,0.03192380045295143,0.0069464968136024536
147,3.0,2.0,0.009959536223770233,0.005454708535967521
148,3.0,2.0,0.02285055027128288,0.0058490815392543355
149,3.0,3.0,0.020405964307496152,0.010036894526426664
150,3.0,2.0,0.017470747185246733,0.0065704445936971625
151,3.0,2.0,0.01780563245238296,0.004996414169201587
152,3.0,2.0,0.025474701983678946,0.005919333737441309
153,3.0,2.0,0.017365581752064475,0.004772440691738681
154,3.0,2.0,0.019277019351297244,0.007122104625847506
155,3.0,3.0,0.02119780357068612,0.01407107253891067
156,3.0,2.0,0.020102042732527314,0.007670857658034196
157,4.0,3.0,0.029991930520666284,0.010174565561782438
158,3.0,2.0,0.02044230134821756,0.004576006023343433
159,3.0,2.0,0.019608900409336404,0.008468924044530347
160,3.0,2.0,0.0202354145304814,0.005337117170751375
161,3.0,2.0,0.021646746256568098,0.005783907948724215
162,4.0,2.0,0.022833227031716388,0.006075614361545899
163,3.0,2.0,0.02284495410507802,0.004344097717105244
164,3.0,2.0,0.022903087369684983,0.006960504274353208
165,4.0,2.0,0.02594249883791449,0.005816012528217988
166,3.0,2.0,0.02160664460959388,0.006391979232330892
167,3.0,2.0,0.018118569355711503,0.004739574613660269
168,3.0,2.0,0.016548311323654218,0.008595785915239799
169,4.0,2.0,0.024566579657243487,0.005035344748517618
170,4.0,2.0,0.025232692548076703,0.004815382648579203
171,2.0,2.0,0.012087291114239678,0.009635068911679657
172,4.0,2.0,0.024541919626253243,0.006325502429891109
173,3.0,2.0,0.019078830200993182,0.005093364835083265
174,4.0,2.0,0.02717171349744546,0.006422304520295795
175,3.0,2.0,0.024381691394172206,0.0067044584826234654
176,3.0,2.0,0.027425349098761324,0.006329311744720069
177,4.0,2.0,0.02945351089182425,0.009256192316329681
178,3.0,2.0,0.02547565549807235,0.008049142593511546
179,3.0,3.0,0.01843020196212012,0.00839244525002854
180,4.0,2.0,0.03743480175324157,0.005105079858243582
181,3.0,2.0,0.024491646304242918,0.007091884847987053
182,3.0,2.0,0.021954971431652343,0.007195385509294938
183,3.0,2.0,0.019475157910697947,0.008630727931810203
184,3.0,2.0,0.019699885784018354,0.0045074947887476565
185,3.0,2.0,0.02957106928316568,0.006724136184947176
186,3.0,2.0,0.02170210614695128,0.004494788382128368
187,4.0,2.0,0.03934835194923412,0.006376113655348335
188,3.0,2.0,0.026405730051070147,0.0058498600315607455
189,3.0,2.0,0.031342588897488435,0.005405866058411006
190,3.0,2.0,0.013716388412696569,0.0071249805164312514
191,3.0,2.0,0.030946931453845652,0.004162464485298796
192,3.0,2.0,0.01948095158134678,0.009581417852860633
193,3.0,2.0,0.02201718012651108,0.007248269332858045
194,2.0,2.0,0.012495882202366637,0.007628725791051307
195,2.0,2.0,0.007647040266952907,0.004504896681759688
196,3.0,2.0,0.024868649028015187,0.007363835880092544
197,3.0,2.0,0.022045564421522862,0.007963693937562502
198,3.0,3.0,0.025364724207743553,0.007353704706903869
199,4.0,2.0,0.022924980656114397,0.005114993441384352
200,4.0,2.0,0.04584769029086859,0.003986935858113047
201,3.0,2.0,0.02420921266355472,0.007156706130859813
202,3.0,2.0,0.05027485162303466,0.006859898830933011
203,3.0,2.0,0.018368110483882635,0.0034557691980308418
204,3.0,2.0,0.020695511070031637,0.006533395690433363
205,4.0,2.0,0.04447960472005087,0.004484707975237261
206,3.0,2.0,0.01886789708012522,0.004574637741648901
207,4.0,2.0,0.026629025172267104,0.005410973013409405
208,3.0,2.0,0.026372678317400373,0.012046118704419968
209,3.0,2.0,0.02150087763638943,0.004618660210132293
210,3.0,2.0,0.016706383708198647,0.005900559298938691
211,4.0,2.0,0.028007807515192273,0.005757992488314432
212,2.0,2.0,0.015050954819646927,0.008384052107718351
213,4.0,2.0,0.027775653145684396,0.008048437523983048
214,3.0,2.0,0.027162104149984816,0.006501944196580452
215,4.0,2.0,0.03152639707160314,0.0042216719021513464
216,3.0,2.0,0.01922396763544642,0.003865782003862952
217,3.0,2.0,0.020443795459769064,0.005275584487035127
218,4.0,2.0,0.02537584495859647,0.005244080713303081
219,3.0,2.0,0.024658353212733193,0.00363342807974522
220,3.0,2.0,0.01721519868574353,0.0061299610311685284
221,3.0,2.0,0.015888056379433562,0.004733885082421804
222,3.0,2.0,0.018619996393876667,0.0068770214465249035
223,3.0,2.0,0.022620865965860226,0.005758902862857627
224,4.0,2.0,0.024711990955290936,0.004840782444484085
225,3.0,2.0,0.023557969449999928,0.006437270804454413
226,4.0,2.0,0.01807383102427515,0.004665726585692628
227,3.0,3.0,0.020379432994575723,0.011025130136560967
228,3.0,3.0,0.018071818069168417,0.011047186505723594
229,3.0,2.0,0.026199325747270796,0.0076627171464289726
230,3.0,2.0,0.019084716733460946,0.005140766343807412
231,3.0,2.0,0.023054112890244553,0.005388527510546845
232,3.0,3.0,0.019604146449486125,0.009590667301455956
233,3.0,3.0,0.023033042506759853,0.00817758020606028
234,3.0,3.0,0.024922173142600975,0.010322225571443883
235,3.0,2.0,0.027022938326640107,0.0037144625342182573
236,3.0,2.0,0.020884615036377393,0.0060651953374574845
237,3.0,2.0,0.01793072076015133,0.008509973864503065
238,4.0,2.0,0.028896344850266993,0.006869522484331887
239,3.0,2.0,0.02090038238008117,0.004573270163700297
240,4.0,2.0,0.027836897646639297,0.005427474877004427
241,4.0,2.0,0.01983885640077915,0.006126789938653321
242,4.0,2.0,0.02203725343631377,0.0057831928999683285
243,4.0,2.0,0.03948873951657118,0.00628039688020602
244,3.0,3.0,0.019921766700751513,0.014018952008194616
245,4.0,2.0,0.023481565886707953,0.006371124765466987
246,4.0,3.0,0.029249568034703636,0.010037662851590131
247,4.0,2.0,0.017743675863509386,0.005272870006441282
248,3.0,2.0,0.021702451638527475,0.007736842964128162
249,3.0,2.0,0.015640719186457836,0.005895267831275166
250,4.0,2.0,0.01688600035059335,0.008058212036688989
251,3.0,2.0,0.020781097035184617,0.00611932872703867
252,3.0,2.0,0.014128190525838906,0.00483162492292156
253,3.0,2.0,0.0310610454550897,0.005413976920485932
254,3.0,2.0,0.02049816237634959,0.0036788858284025365
255,3.0,2.0,0.012502185456599127,0.004954870030705765
256,4.0,2.0,0.037650662077387285,0.007544368680712184
257,3.0,2.0,0.023609944790078864,0.005285110249117099
258,3.0,3.0,0.02107641434030622,0.011310620373977988
259,2.0,2.0,0.013447993067689552,0.006249947825575706
260,3.0,2.0,0.01949994358477148,0.006800023590838922
261,4.0,2.0,0.030204039987731506,0.0037700559854964358
262,3.0,3.0,0.012501161145593104,0.007161268434531301
263,3.0,2.0,0.018194849593254108,0.00532353199969553
264,3.0,2.0,0.018149121000434944,0.0061660243599214225
265,3.0,2.0,0.02627865051205446,0.006305104740168561
266,3.0,2.0,0.01995253496387398,0.006630412971142481
267,3.0,2.0,0.02281295917527544,0.005546366967191477
268,3.0,2.0,0.01933642131140828,0.0043282154885986674
269,4.0,2.0,0.0404869622340252,0.007971983876182793
270,3.0,2.0,0.017844927061404437,0.005732787121862684
271,3.0,2.0,0.023681268107754755,0.006867260841875714
272,3.0,2.0,0.018748601726652568,0.005693909318671704
273,3.0,2.0,0.01779092102810496,0.006442577328806527
274,4.0,2.0,0.03137034015857144,0.0056708345832345505
275,3.0,2.0,0.03308295161104586,0.006899057763955757
276,3.0,2.0,0.013291301768176661,0.006264887494752024
277,3.0,2.0,0.03713481734894738,0.007994587613786082
278,3.0,3.0,0.012538829886261602,0.008818334110085185
279,3.0,2.0,0.029043721488710077,0.00746133377953833
280,3.0,2.0,0.023100687181773983,0.0077635591585346895
281,4.0,3.0,0.03029310665880887,0.008937781629186525
282,3.0,2.0,0.017017090777953804,0.006819614822840714
283,3.0,3.0,0.022936018124106936,0.007730846667597688
284,3.0,3.0,0.02209435114682889,0.00972924293574085
285,4.0,2.0,0.03748868579685462,0.005031622381334502
286,3.0,2.0,0.014520074311571186,0.005830082651392006
287,2.0,2.0,0.007015583704468945,0.004519404529981833
288,3.0,2.0,0.02729339442227478,0.0038647046009392043
289,4.0,2.0,0.02382189550709588,0.005122825148075205
290,3.0,2.0,0.025249447700542507,0.0042873266799759065
291,3.0,2.0,0.023521426029902672,0.005995757857692483
292,3.0,2.0,0.022422481728107055,0.0068337755080268075
293,4.0,2.0,0.03279068115310195,0.00611128510293355
294,2.0,2.0,0.01373768181607466,0.005525405559700335
295,4.0,2.0,0.02469735543891726,0.005563105551167925
296,4.0,2.0,0.029019875613546093,0.00710312088774208
297,3.0,2.0,0.027551742075424015,0.0058396458732899266
298,2.0,2.0,0.009398677381621506,0.00604866635640224
299,4.0,3.0,0.025605008785040118,0.007961804554226765
300,3.0,2.0,0.02101942118738824,0.005146262069094109
301,4.0,3.0,0.03104622714437967,0.009959833353280245
302,4.0,2.0,0.03367177221365028,0.0033230385264366694
303,3.0,2.0,0.019544687341785147,0.009944565824176146
304,3.0,2.0,0.01884953370046316,0.005160824800417179
305,3.0,2.0,0.019603912213636998,0.004776719414878084
306,4.0,2.0,0.03177495779165867,0.005571852944664993
307,3.0,2.0,0.023545389160875195,0.009139516741990804
308,4.0,2.0,0.028434426850786513,0.005221371646280777
309,3.0,2.0,0.03163609764256458,0.006294242818414048
310,3.0,2.0,0.027322422711880012,0.008839548677963983
311,3.0,2.0,0.01343391115852271,0.007954251761377812
312,3.0,2.0,0.021438524642346083,0.00573014178233779
313,4.0,3.0,0.0221884713644243,0.011076109844662648
314,4.0,2.0,0.04586738878589077,0.004078827072879273
315,3.0,2.0,0.023834480664697556,0.006195454178509133
316,3.0,2.0,0.030046617231243286,0.005791528524509562
317,4.0,3.0,0.023501608737771316,0.008590287595033882
318,3.0,2.0,0.015140042512457676,0.006733499703893865
319,3.0,2.0,0.027881218870859415,0.006430301169724659
320,3.0,2.0,0.015331282308349035,0.0047846303032266675
321,3.0,2.0,0.02178336672319967,0.006642339880176695
322,4.0,2.0,0.024383070775905572,0.007232081694864223
323,3.0,2.0,0.020658486195798204,0.005275648132597556
324,4.0,2.0,0.029599004179679297,0.007219916851752351
325,4.0,2.0,0.02295764133968319,0.005009183801084134
326,2.0,2.0,0.014382574739118092,0.008223716100171882
327,3.0,2.0,0.01668539938474188,0.005601874676715604
328,4.0,2.0,0.038046697736594755,0.004732051409270789
329,3.0,2.0,0.02088843373915056,0.009033154000716833
330,3.0,3.0,0.013027275253260837,0.012931321105039029
331,3.0,2.0,0.017207755456253568,0.005139999295872524
332,2.0,3.0,0.005854869964349288,0.01173832379246723
333,3.0,2.0,0.04086258680824722,0.007619217828508389
334,4.0,2.0,0.02643200636913241,0.005064042353334766
335,3.0,2.0,0.020018509951470725,0.006211202044828969
336,3.0,2.0,0.02257685940402067,0.004329755495442412
337,4.0,2.0,0.03738690667631719,0.004565693214847727
338,3.0,2.0,0.017717811944048388,0.005851861318827213
339,4.0,2.0,0.02921983215915657,0.0046407100762737175
340,3.0,2.0,0.018058537386063483,0.005483267019900836
341,4.0,2.0,0.02945570457353533,0.00632991208684234
342,3.0,2.0,0.019028247115319398,0.0053904124705801025
343,3.0,2.0,0.023089036950522442,0.005999204895171319
344,3.0,2.0,0.02110704635554143,0.005599043829189211
345,3.0,2.0,0.019870388608444894,0.004658025553407517
346,3.0,2.0,0.022800776479424238,0.006457746756858871
347,4.0,2.0,0.026140497184534896,0.005153491863917413
348,3.0,2.0,0.022212603082474944,0.00593686177462268
349,3.0,2.0,0.017780592497917802,0.006049485073026573
350,3.0,2.0,0.029533078915527665,0.004746306879718497
351,3.0,2.0,0.022258063170754468,0.0062084282796537145
352,3.0,2.0,0.027735243752743086,0.00485987872250942
353,4.0,2.0,0.03262518705976451,0.005202993111840834
354,3.0,2.0,0.017772481078041562,0.005179759616786804
355,3.0,3.0,0.023439820200290104,0.005912700272861915
356,4.0,2.0,0.023770592332077,0.007178270241829221
357,3.0,2.0,0.021788653516998106,0.005276847401255044
358,4.0,2.0,0.029433096086380946,0.007850200431620933
359,3.0,3.0,0.022439592957021273,0.008124916133412785
360,4.0,2.0,0.03090319636038164,0.006835289277438147
361,3.0,2.0,0.026804581222245764,0.00687737199440214
362,3.0,2.0,0.013645011065061309,0.009165932198335891
363,4.0,2.0,0.037798405136572864,0.006018538939739535
364,3.0,2.0,0.0261620863964475,0.004838968777331125
365,3.0,2.0,0.0156832493044044,0.006571148558311049
366,3.0,3.0,0.01602095181292056,0.011361353995038381
367,3.0,2.0,0.0177574336577815,0.005828466326968353
368,3.0,2.0,0.024177607514036897,0.006113052129829357
369,3.0,2.0,0.011777868357427211,0.008869079514712578
370,3.0,2.0,0.021984219050546233,0.007746022353773773
371,3.0,2.0,0.03019726332104035,0.0035746678666508163
372,4.0,2.0,0.027706305291218928,0.005703954287092156
373,3.0,2.0,0.012364828215839193,0.006480968619518525
374,2.0,2.0,0.008357795572830175,0.00909805148700069
375,3.0,2.0,0.025350881693229747,0.0040893924032144
376,3.0,2.0,0.02488239013755492,0.005464645702862197
377,3.0,2.0,0.015846595877182956,0.005970406668842755
378,3.0,2.0,0.018567349138857075,0.006491330822863766
379,4.0,2.0,0.030924619161592677,0.005325320978990674
380,4.0,2.0,0.0331757227955178,0.004766623289259611
381,3.0,2.0,0.012905102247143673,0.007052250843081016
382,3.0,2.0,0.016139301494344425,0.006957418355705391
383,3.0,2.0,0.02343679198410893,0.005270193693694168
384,3.0,2.0,0.018986866319595203,0.0047050122041962855
385,3.0,2.0,0.026829155247551265,0.0054726224822099
386,3.0,2.0,0.017123913362110096,0.009345110688293827
387,4.0,2.0,0.027197379663575702,0.004955577524729949
388,4.0,2.0,0.01957151759692369,0.006248095775539321
389,4.0,2.0,0.031814654067837914,0.005498919694644491
390,3.0,2.0,0.025610438967601998,0.005828060871640117
391,4.0,2.0,0.03845810122426253,0.007351799956034625
392,3.0,2.0,0.025721602762933903,0.008177064272021785
393,3.0,2.0,0.015050304920362164,0.005789366671566061
394,3.0,2.0,0.026132431366591966,0.005438060283794963
395,4.0,2.0,0.033701956105583096,0.004416871940126122
396,3.0,2.0,0.016994530948084046,0.0054144406384572736
397,3.0,3.0,0.019216876418462543,0.010842665413626142
398,4.0,2.0,0.024119559878466222,0.009215291426277616
399,2.0,2.0,0.011733282837485932,0.003976098768792751
400,4.0,2.0,0.03117091758210348,0.004252432063140268
401,3.0,3.0,0.014011254010815436,0.010472008577439795
402,3.0,2.0,0.020776138619795614,0.004673448769275939
403,4.0,2.0,0.020683993337276628,0.0054250926943339986
404,4.0,2.0,0.02568257569843045,0.004214532570400463
405,3.0,2.0,0.022214950529393304,0.006064516947638187
406,4.0,2.0,0.03711882044206434,0.005134891614633897
407,2.0,2.0,0.011585316258799945,0.007812800842346767
408,4.0,2.0,0.027867666222470125,0.004622736053371113
409,5.0,2.0,0.0432785777291603,0.006047069630020783
410,2.0,2.0,0.010137947992951386,0.005081495689918376
411,4.0,2.0,0.03943483737147167,0.005794022849143431
412,4.0,2.0,0.021717837296779882,0.005601998929893929
413,3.0,3.0,0.01907927400984187,0.00932037591890116
414,4.0,2.0,0.020049671082253487,0.00410868722174675
415,3.0,3.0,0.01724354185000108,0.012068379414012696
416,3.0,2.0,0.027408433581287847,0.005933081900514613
417,3.0,2.0,0.01923078830105599,0.005398754409057619
418,3.0,2.0,0.012464883974126971,0.005309022898267842
419,3.0,2.0,0.0176249644488969,0.006960745037283698
420,3.0,2.0,0.031503867758926156,0.006216481858413216
421,3.0,2.0,0.019845746821542398,0.005257135363141338
422,4.0,3.0,0.03382218215867011,0.012119935432159919
423,3.0,2.0,0.022699248196792546,0.003314232670077771
424,4.0,2.0,0.03302493334103109,0.0050548843331809385
425,3.0,2.0,0.02206147915086229,0.006135627799669853
426,3.0,2.0,0.01803450064089303,0.007150479968918975
427,4.0,2.0,0.026254639201083434,0.004578626676603828
428,4.0,2.0,0.028597970071713615,0.007901235635847274
429,3.0,2.0,0.02384612626687802,0.00580432090442686
430,3.0,2.0,0.02562496252089687,0.00531608133779065
431,3.0,2.0,0.020421285670243396,0.00541109210811336
432,3.0,3.0,0.023132997337630922,0.012622478601034465
433,3.0,2.0,0.016815652548678655,0.005434610250720479
434,3.0,2.0,0.017575847853397518,0.008733114719145136
435,3.0,2.0,0.013023299670521427,0.008049948073730597
436,2.0,2.0,0.013653707784153746,0.005109731598199157
437,4.0,2.0,0.032554403796039834,0.005757544406430856
438,3.0,2.0,0.026570092890147192,0.004628120464719101
439,3.0,2.0,0.018912592629003265,0.0041976190584474635
440,3.0,3.0,0.019522411695658853,0.011463569934021266
441,3.0,2.0,0.022805953740747353,0.005330441382144452
442,3.0,2.0,0.01488925748904814,0.008022094868761803
443,3.0,2.0,0.0164646948686656,0.005611665495551478
444,4.0,2.0,0.033588483983099125,0.006702652807338526
445,3.0,2.0,0.02190236763553605,0.005239710864972425
446,4.0,2.0,0.022316263459396878,0.0065522877825674505
447,3.0,2.0,0.023301954314023914,0.0075589612878578195
448,3.0,2.0,0.021693068403933216,0.0049259890254632266
449,3.0,2.0,0.027743326611957806,0.007717334027124323
450,4.0,2.0,0.031163771649704488,0.006252402467480356
451,3.0,3.0,0.01973391517054768,0.010196399298163598
452,3.0,2.0,0.021094828240460155,0.007139526155323568
453,3.0,2.0,0.027204983893129538,0.0059224167417232364
454,3.0,2.0,0.017748413421930054,0.0049938039003311705
455,3.0,2.0,0.023592376237478268,0.0053959648438161156
456,4.0,2.0,0.023502711205897645,0.005778948733384003
457,3.0,2.0,0.014289404093244177,0.005774384115607572
458,3.0,2.0,0.0201109338055808,0.007247037846767492
459,3.0,3.0,0.02634025920752056,0.010686646943267975
460,4.0,2.0,0.03303475020593782,0.006340797281708847
461,3.0,2.0,0.029681642751482423,0.007207073704710358
462,3.0,2.0,0.021145054338968138,0.005989280752555142
463,5.0,2.0,0.03507919354423138,0.006652477911922626
464,3.0,2.0,0.021176989535128688,0.004726584228268022
465,4.0,3.0,0.03375274602268475,0.009110891767715236
466,3.0,3.0,0.02642334840028573,0.011366955075834666
467,4.0,2.0,0.018293338301497698,0.0045521252675065375
468,3.0,2.0,0.016561686814555786,0.005098621440520445
469,3.0,2.0,0.024156281775394254,0.005367653783339889
470,3.0,2.0,0.01871676131359825,0.0059961631836241615
471,3.0,2.0,0.01309348114141188,0.00688324219912529
472,3.0,2.0,0.02067107109160799,0.005219822416994388
473,3.0,2.0,0.015302883828015522,0.005234017138739994
474,4.0,2.0,0.025769474143853156,0.004498858705984819
475,3.0,2.0,0.02365388645038581,0.005022641434449586
476,4.0,2.0,0.02967788535897473,0.004845663869758095
477,4.0,2.0,0.03273280425180923,0.006971746760102805
478,4.0,2.0,0.026781157044691507,0.005061826380336689
479,3.0,2.0,0.016022613252922032,0.0058142250998409455
480,3.0,2.0,0.026067453171098157,0.005171045705702353
481,3.0,2.0,0.014268186786996017,0.004439556449708779
482,3.0,2.0,0.01961358726665426,0.0069347421771261625
483,2.0,2.0,0.011959089939343982,0.004989142530944394
484,4.0,3.0,0.019305174481334397,0.008468562569047803
485,3.0,2.0,0.022157158439990936,0.004434803518854303
486,3.0,2.0,0.03216449979791967,0.005625946672146006
487,4.0,2.0,0.01894862721752182,0.004687261348758048
488,3.0,2.0,0.018423496678348052,0.007016092940441084
489,3.0,2.0,0.02404057565928792,0.0055333175101070905
490,3.0,3.0,0.01666344337198046,0.009084963042464858
491,3.0,2.0,0.015878167116108236,0.004233855778994205
492,3.0,2.0,0.016025993641208762,0.006013058067147101
493,3.0,2.0,0.024651699654818268,0.0059238327549038855
494,3.0,3.0,0.017706482196927626,0.00775877742005025
495,4.0,2.0,0.02827203405413192,0.006596422151675211
496,3.0,2.0,0.015395050550854385,0.007711505236654854
497,3.0,2.0,0.015394407892017375,0.00568036798012104
498,3.0,2.0,0.013906092475876803,0.0052151686402713
499,4.0,2.0,0.023029736559178268,0.005902562687781948
