seed,nc,fst_tt,fst_co,rho
0,2.0,0.012369655180237622,0.029375937222329677,0.6201423097974823
1,2.0,0.01697655034812398,0.047655861355459815,0.6414887794198139
2,3.0,0.02062335380865916,0.01596952865318211,0.7372742200328407
3,2.0,0.012483087082491068,0.025652974428448053,0.6644772851669404
4,2.0,0.009908896581333102,0.014093613735791351,0.6278051450465244
5,2.0,0.01666773655688631,0.040109162851885025,0.5199781061850027
6,2.0,0.016623757058341865,0.013877879202460048,0.7520525451559934
7,2.0,0.014647945853529671,0.036236297359295976,0.4953475643130815
8,2.0,0.008853131162114544,0.023835493609841763,0.789272030651341
9,2.0,0.015016799522501387,0.049900377857693565,0.6278051450465244
10,2.0,0.010157643313969919,0.018349441530494504,0.45922276956759717
11,2.0,0.014168042865298798,0.03218912716658733,0.6562671045429667
12,2.0,0.013659351531744196,0.03165016724933396,0.6743295019157088
13,2.0,0.011294047769964143,0.04440515820789683,0.8133552271483305
14,2.0,0.022393685041103246,0.04419297681496525,0.47071702244116037
15,2.0,0.013380361593409829,0.02381809982105699,0.4187192118226601
16,2.0,0.011286229023937578,0.0186253533558298,0.23316912972085385
17,2.0,0.009230772969958704,0.013494438847512892,0.5966064586754242
18,2.0,0.010727233893642777,0.025037394669852966,0.60207991242474
19,2.0,0.013319224316277493,0.035121653315908025,0.5281882868089764
20,2.0,0.008101309795699991,0.023047688400416783,0.33388067870826493
21,2.0,0.013843708434221365,0.023316798687931517,0.7104542966611932
22,2.0,0.011708043339949162,0.04230723467356978,0.8166392993979201
23,2.0,0.009910050743038527,0.02058760212217375,0.7131910235358511
24,2.0,0.018893882332053004,0.03209758311492404,0.6245210727969349
25,2.0,0.011466608266335913,0.04655286553659545,0.6475095785440612
26,3.0,0.0198877609899901,0.02351736484172156,0.7739463601532567
27,2.0,0.00860651584623683,0.026007245659657202,0.7066228790366721
28,2.0,0.01301997419239336,0.031866951139770706,0.4351395730706075
29,2.0,0.0158495585546049,0.04199988798034845,0.6442255062944717
30,2.0,0.016359914787989458,0.022546774645012833,0.5161466885604816
31,2.0,0.012294682069124258,0.03203889141312667,0.5829228243021346
32,2.0,0.010581630958404423,0.04265988125937856,0.21072796934865898
33,2.0,0.01629568232574278,0.03171276694258881,0.4915161466885605
34,2.0,0.013636690456618228,0.012994868453372178,0.8177339901477831
35,2.0,0.013037508617709219,0.035929960052585926,0.5730706075533661
36,3.0,0.01916355760974893,0.052092617177188855,0.13355227148330595
37,2.0,0.012468201339124905,0.035840282500029845,0.5686918445539135
38,2.0,0.010754198337514728,0.01149150685529816,0.645320197044335
39,2.0,0.016653889348763388,0.013011739619180116,0.5566502463054187
40,2.0,0.008001107240895209,0.016440312474547587,0.4428024083196497
41,2.0,0.012949345111680378,0.0376735559081928,0.5933223864258347
42,2.0,0.014655195270024698,0.043335697796901704,0.7733990147783251
43,2.0,0.0098908189937395,0.03485835549549913,0.31910235358511224
44,2.0,0.012624313240950907,0.0581900602186752,0.6349206349206349
45,2.0,0.009892852949408209,0.02113364282330483,0.6496989600437876
46,2.0,0.01236129404188673,0.016410645980814736,0.545703338806787
47,2.0,0.011632849974750656,0.04049337272362392,0.4969896004378763
48,3.0,0.0199282461196384,0.027424367761328228,0.7487684729064039
49,3.0,0.012353600391088815,0.025218287928272385,0.5506294471811713
50,2.0,0.01380217685851746,0.021352253439230782,0.32074438970990693
51,2.0,0.010666672521144319,0.019191908163469,0.41488779419813904
52,2.0,0.01357491134882789,0.0359630309536627,0.6163108921729611
53,2.0,0.018348444172712128,0.03567395825014673,0.5528188286808976
54,3.0,0.027380919301651176,0.04630992160665298,0.7296113847837985
55,2.0,0.011564745185598208,0.025479847882181567,0.6135741652983032
56,2.0,0.019201246791299618,0.04242276410589228,0.5643130815544608
57,2.0,0.012942782864373035,0.011652985129559677,0.701696770662288
58,2.0,0.009900604987286458,0.022869698606741685,0.5834701696770662
59,2.0,0.015990614397810177,0.01821915006486539,0.5878489326765189
60,2.0,0.016217371344622932,0.03721434181030518,0.35577449370552816
61,2.0,0.006190870803526645,0.01566429992512636,0.7515051997810619
62,2.0,0.012104966723920632,0.02458246100110439,0.7416529830322934
63,2.0,0.017611190752027207,0.013138544616189652,0.8385331143951834
64,2.0,0.016025598053190957,0.021773173222717858,0.7285166940339354
65,2.0,0.013744923073251567,0.03945647249084725,0.6278051450465244
66,2.0,0.012339424013652516,0.01323725720394601,0.6683087027914614
67,2.0,0.01602786920231085,0.02550297929985019,0.5495347564313082
68,2.0,0.01278239948741351,0.013950586361624925,0.1893814997263273
69,2.0,0.012815156940405128,0.02177875944678712,0.5955117679255609
70,2.0,0.013904017060716733,0.02933809177029567,0.5117679255610289
71,2.0,0.008346866716154368,0.041495418071460254,0.5292829775588396
72,2.0,0.013800674005977433,0.039414687059097994,0.628352490421456
73,3.0,0.015852362475288206,0.03182257783969813,0.4477285166940339
74,2.0,0.011131916623536048,0.02921150698924272,0.578544061302682
75,2.0,0.010896719167449212,0.032946709132954416,0.6606458675424193
76,2.0,0.013726917565258191,0.026776475948942415,0.5637657361795292
77,2.0,0.0132504660264293,0.0381203691029898,0.6524356869184454
78,2.0,0.007252870046311056,0.021518704059401244,0.5019157088122606
79,2.0,0.01236051360901694,0.02458687443714947,0.746031746031746
80,3.0,0.0163898860974936,0.021840656478732807,0.5041050903119868
81,2.0,0.011048105173625478,0.045166776202477235,0.7810618500273673
82,2.0,0.013926720291519208,0.04002486859887772,0.6119321291735085
83,2.0,0.0105044770269587,0.018387528439027998,0.629447181171319
84,2.0,0.01689037064887696,0.038596111216601135,0.7328954570333881
85,2.0,0.012250014325780594,0.054954305422059195,0.7279693486590039
86,2.0,0.013926179776394952,0.043030163319000315,0.6179529282977558
87,2.0,0.010900880642267121,0.017359045060967245,0.4915161466885605
88,2.0,0.012592831026538836,0.022902822707923983,0.5495347564313082
89,2.0,0.00956936814453348,0.012133106218021866,0.3880678708264915
90,2.0,0.018130743664522202,0.024762479978894133,0.5774493705528188
91,2.0,0.011938676992857805,0.03239669415105335,0.7088122605363985
92,2.0,0.010717191593962016,0.024093431502489503,0.6382047071702245
93,2.0,0.016930259161336822,0.027099481535283066,0.46469622331691296
94,2.0,0.015388083788412324,0.02191447152624039,0.6781609195402298
95,2.0,0.008824486108848104,0.029008574009643337,0.7668308702791461
96,2.0,0.01368959781628851,0.03864191543458937,0.5571975916803502
97,2.0,0.01021132449177961,0.016192812560762278,0.8128078817733991
98,2.0,0.01103211966609947,0.03724040995355862,0.6984126984126985
99,2.0,0.015398747170619865,0.020098216513772204,0.701696770662288
100,2.0,0.011327765680576238,0.046107570821614464,0.3426382047071702
101,2.0,0.013624059923698225,0.02252820250703987,0.4860426929392446
102,2.0,0.012116898416848194,0.027180098043405564,0.3995621237000547
103,2.0,0.009938708445046313,0.018363007488744955,0.15763546798029557
104,2.0,0.01252359466641247,0.03858867143823053,0.8626163108921729
105,2.0,0.010955202465969701,0.03944292970741621,0.5396825396825397
106,2.0,0.015629606859805197,0.03853881742573897,0.679255610290093
107,2.0,0.011239554564707788,0.02826301449918761,0.6737821565407772
108,3.0,0.022352402752541793,0.03957385464441189,0.7728516694033934
109,2.0,0.01217439296391307,0.03694675722885526,0.6803503010399562
110,2.0,0.01477709029722739,0.03265910300303923,0.3568691844553913
111,2.0,0.01666350609472202,0.021442533726654438,0.8084291187739463
112,2.0,0.013304740754096647,0.014578070601495114,0.6776135741652982
113,2.0,0.013872654440349444,0.032134860313242475,0.6507936507936508
114,2.0,0.009007221154601645,0.02341693628274904,0.4220032840722496
115,2.0,0.0142737665285529,0.026827412027328544,0.6568144499178982
116,2.0,0.015056396597887094,0.03665441791880417,0.5927750410509032
117,2.0,0.016672252914499728,0.0303970791039484,0.5867542419266557
118,2.0,0.016229236625111512,0.033235612760477165,0.4428024083196497
119,2.0,0.011643230055054925,0.024275462487247816,0.49315818281335516
120,2.0,0.017961577143669787,0.032338574053742956,0.7246852764094143
121,2.0,0.00831852200189925,0.025286269689923608,0.5068418171866448
122,2.0,0.013602830801616127,0.03822356660309455,0.16967706622879036
123,3.0,0.02180826261850511,0.010313886546644438,0.5413245758073344
124,2.0,0.009810334226213737,0.026863706231253615,0.48713738368910786
125,2.0,0.01096400593652345,0.04210013779990974,0.5155993431855501
126,3.0,0.018363760361730576,0.031720491995753,0.6480569239189928
127,3.0,0.017050875889712134,0.014638941968827012,0.33169129720853857
128,2.0,0.011656348338066131,0.03322620975631057,0.7339901477832512
129,2.0,0.010299167569075451,0.039697980412640936,0.7022441160372195
130,2.0,0.01514249152283343,0.013753420274022885,0.4017515051997811
131,2.0,0.0077140788983752545,0.04003232051330271,0.6305418719211823
132,2.0,0.015874764880873478,0.026358702846763633,0.5818281335522714
133,2.0,0.013351360943741142,0.021962449864674025,0.5259989053092501
134,2.0,0.020471314964925474,0.01684008901048919,0.48877941981390255
135,2.0,0.01779653958279784,0.024590956315276344,0.6606458675424193
136,3.0,0.021292885904149933,0.02126997516853824,0.5599343185550082
137,2.0,0.01370186705487376,0.019325624966214202,0.5829228243021346
138,2.0,0.01708949331271218,0.03759790637908865,0.5834701696770662
139,2.0,0.008874444758942208,0.024200571482676236,0.5500821018062397
140,3.0,0.023098790050738713,0.025233252548818138,0.3273125342090859
141,2.0,0.016671309126345124,0.01975415547662638,0.6305418719211823
142,2.0,0.00982602734770476,0.01599928961726303,0.6091954022988505
143,2.0,0.013557395659568776,0.0294168417691522,0.5259989053092501
144,3.0,0.021453436021891106,0.03459562860711814,0.21839080459770116
145,2.0,0.015395014402350532,0.03356056210380479,0.2753147235905857
146,2.0,0.009978057651940514,0.020515114417368356,0.4422550629447181
147,2.0,0.011019490549601364,0.024534494327421053,0.3891625615763547
148,2.0,0.011590759010624115,0.032259061984006826,0.5604816639299398
149,2.0,0.0137368550559731,0.025719937269672692,0.7367268746579091
150,2.0,0.012755222697776665,0.01356315242273064,0.5035577449370552
151,2.0,0.010245045843628136,0.025415212993033995,0.582375478927203
152,3.0,0.01802190043147325,0.020183679978963077,0.4657909140667761
153,2.0,0.01436616372741497,0.014971300351205882,0.6546250684181718
154,2.0,0.011843453405363004,0.043662386661915686,0.5161466885604816
155,2.0,0.016455794862603953,0.02362563824293062,0.48713738368910786
156,2.0,0.009858693298674077,0.01773148457916874,0.6239737274220033
157,2.0,0.012171834454075133,0.029620665549409505,0.6223316912972086
158,2.0,0.019545238646485292,0.03125537178252226,0.7186644772851669
159,3.0,0.018042451728429144,0.02607133198008141,0.3727422003284072
160,2.0,0.00886986179505768,0.03911657328417753,0.475095785440613
161,3.0,0.019680256125211903,0.01628378411784035,0.48002189381499727
162,2.0,0.012933805287107598,0.015607482913600113,0.29556650246305416
163,3.0,0.013943022741378161,0.03339276137779877,0.6108374384236454
164,2.0,0.011750091915966921,0.022759060031739428,0.5692391899288451
165,2.0,0.013645631613349331,0.02049502291090304,0.8210180623973727
166,2.0,0.012389253066412106,0.027818396387609655,0.685823754789272
167,2.0,0.012353071848360202,0.032998689445214995,0.8456486042692939
168,2.0,0.011733825967931636,0.05708709045364703,0.5588396278051451
169,2.0,0.015564845245111899,0.012728098545446917,0.6299945265462507
170,3.0,0.014641831908400637,0.015953267005510943,0.655719759168035
171,2.0,0.00782035350739441,0.031281683367701305,0.5883962780514504
172,2.0,0.011477768437655883,0.04602752094138546,0.23535851122058019
173,2.0,0.008899235817376682,0.032749567018681196,0.7066228790366721
174,2.0,0.012038358866121635,0.029944680573846066,0.36672140120415986
175,3.0,0.02323027183726492,0.03251808187395964,0.2583470169677066
176,3.0,0.018222219231153903,0.03105043891662942,0.6102900930487137
177,2.0,0.011967483396967222,0.02508708625500508,0.6967706622879036
178,2.0,0.009225814482738232,0.04885378983239134,0.3459222769567597
179,3.0,0.02221504875314366,0.027788469496139126,0.749863163656267
180,2.0,0.010893858459611074,0.031479409453985384,0.5769020251778874
181,2.0,0.0132741632757448,0.01679863537833515,0.6666666666666666
182,2.0,0.010055826191680458,0.04130801673997446,0.5736179529282976
183,2.0,0.012657876292907414,0.02235928784418917,0.49425287356321834
184,2.0,0.018282007447908692,0.02539205038998421,0.8166392993979201
185,2.0,0.015287324813274135,0.03277228872014559,0.2375478927203065
186,2.0,0.008820272495708574,0.030644785662647642,0.22441160372194854
187,2.0,0.01351099190405559,0.052402929431755736,0.7104542966611932
188,2.0,0.009978561940625552,0.02829737462346523,0.582375478927203
189,2.0,0.011453447087066129,0.028694749111822057,0.48440065681444994
190,2.0,0.01100257178811453,0.031229720036057142,0.25725232621784344
191,2.0,0.01636161113705601,0.03882001652186761,0.6573617952928298
192,2.0,0.013226731717777346,0.03813734409539897,0.5977011494252873
193,2.0,0.016970181605264534,0.04586198984814728,0.3875205254515599
194,2.0,0.01428892104463605,0.01009027329547543,0.3448275862068966
195,2.0,0.015202634313892639,0.036960751218224244,0.6825396825396826
196,3.0,0.024813542518802127,0.028349970368904142,0.4460864805692392
197,2.0,0.0140979780632418,0.02709680529772207,0.6157635467980295
198,3.0,0.02201546492804891,0.026113764085162836,0.8013136288998358
199,2.0,0.011319375152727766,0.033921734537655776,0.2627257799671593
200,2.0,0.010239467230247226,0.015153189545947495,0.38478379857690204
201,2.0,0.01222756797660852,0.03168253001548889,0.6223316912972086
202,2.0,0.012281117414730884,0.03056156006654283,0.6004378762999452
203,3.0,0.01916041493413307,0.03159326351177252,0.5840175150519978
204,2.0,0.012094321114268641,0.020760269929148825,0.6486042692939245
205,2.0,0.014516730462267575,0.029900352797499308,0.7476737821565407
206,2.0,0.017402435453778592,0.018862402419859876,0.6814449917898193
207,2.0,0.0147889313513515,0.02605989199419289,0.7695675971538041
208,2.0,0.01641088409233532,0.0358315560253517,0.3891625615763547
209,2.0,0.01229443206995221,0.011751983072608042,0.5062944718117133
210,2.0,0.011156720310459629,0.018955980790301512,0.6217843459222769
211,2.0,0.007583453832045751,0.022730912126445273,0.38149972632731255
212,2.0,0.010743749685876734,0.024697132860119556,0.6562671045429667
213,2.0,0.00978241323197369,0.03923725546331735,0.6223316912972086
214,2.0,0.011358821503118191,0.04133118493171232,0.8045977011494253
215,2.0,0.014465170533093676,0.026444974166209688,0.5139573070607554
216,2.0,0.014753406696623911,0.05510532442850561,0.378215654077723
217,3.0,0.018643390886006694,0.02817413988636843,0.6874657909140668
218,2.0,0.011553685749708663,0.023135189525054178,0.5736179529282976
219,2.0,0.014107387308297723,0.02277550589960728,0.48877941981390255
220,3.0,0.02564629692633691,0.03582040053814142,0.6776135741652982
221,2.0,0.010687270932490162,0.02535339516579314,0.5883962780514504
222,2.0,0.009667103593447714,0.028885455272831366,0.5971538040503558
223,2.0,0.015700737354064683,0.030930637854400336,0.6130268199233717
224,3.0,0.021561074032245994,0.02884380340632334,0.5232621784345922
225,2.0,0.01426752079942234,0.014452546970958845,0.6524356869184454
226,3.0,0.014667236509370322,0.02704812529016061,0.6124794745484401
227,3.0,0.01946654078407652,0.026113750393802666,0.37055281882868085
228,2.0,0.012702044929477558,0.015860214994094245,0.5544608648056923
229,3.0,0.023405056295598175,0.02655327914802154,0.628352490421456
230,2.0,0.010288525802263932,0.023259319016754373,0.4789272030651341
231,2.0,0.013831306242195831,0.03525784282731321,0.6798029556650246
232,2.0,0.012496912423349668,0.04390825828118466,0.6091954022988505
233,3.0,0.017289885295489717,0.01170875309197263,0.789272030651341
234,2.0,0.009384720752989517,0.03510226430386213,0.6338259441707716
235,2.0,0.02104856660884125,0.029982192947730364,0.6819923371647509
236,2.0,0.009922254753725004,0.01702656801580134,0.6365626710454296
237,2.0,0.009304392175337692,0.023325138990676418,0.6130268199233717
238,2.0,0.010787398515248948,0.028700851227187976,0.7230432402846195
239,2.0,0.010942272928029064,0.040108468264477504,0.5259989053092501
240,2.0,0.014738521445147168,0.025570385022254366,0.4657909140667761
241,2.0,0.007890523767700303,0.021039775010270705,0.7914614121510672
242,2.0,0.010938670373418363,0.03151067662695876,0.46195949644225504
243,2.0,0.010474213144655182,0.01840938630483035,0.38368910782703886
244,2.0,0.010778769013904663,0.013709780471332639,0.31253420908593316
245,2.0,0.01288309752587789,0.03377287577359217,0.42145593869731796
246,3.0,0.0187610190402375,0.01863792202656898,0.6464148877941982
247,2.0,0.01222401554040241,0.034138427160614396,0.5938697318007663
248,2.0,0.02007889436783657,0.031524109584921856,0.7706622879036672
249,2.0,0.012940093872101408,0.03517268323550338,0.6157635467980295
250,3.0,0.0209888065259918,0.03690751488351124,0.6015325670498085
251,2.0,0.015497489401181067,0.024583616075088795,0.5856595511767926
252,2.0,0.016786015665464046,0.030470384764778827,0.6037219485495348
253,2.0,0.01313700761823777,0.010731344266202985,0.6967706622879036
254,3.0,0.02269752483389418,0.020242091244608483,0.5550082101806239
255,2.0,0.010475052247212449,0.015698175368181654,0.7252326217843459
256,2.0,0.01955811520365369,0.017151229382778625,0.6081007115489874
257,2.0,0.01135321810510995,0.03267680258967731,0.5604816639299398
258,3.0,0.02212890899072481,0.030578565701651336,0.12370005473453749
259,2.0,0.007029103140022024,0.022078720062643227,0.4220032840722496
260,2.0,0.013781053395389768,0.02359958683381682,0.2654625068418172
261,2.0,0.01201689044127283,0.029859678163377465,0.685823754789272
262,2.0,0.011091964318066841,0.021674708697088214,0.47290640394088673
263,2.0,0.01646933237925033,0.04612431154951177,0.5911330049261083
264,3.0,0.01875288220738955,0.025011766475101314,0.2660098522167488
265,2.0,0.01365245246265646,0.024119578390881188,0.5325670498084292
266,2.0,0.018248831203719094,0.016159956228984147,0.679255610290093
267,2.0,0.009818418024329128,0.025895225130948298,0.4548440065681445
268,2.0,0.01160756273241439,0.023896419900917544,0.307608100711549
269,2.0,0.012448172064949489,0.0241192142421713,0.45922276956759717
270,2.0,0.010662919397290985,0.024312946226468513,0.3513957307060755
271,2.0,0.010507852168764036,0.029303400971364267,0.6124794745484401
272,2.0,0.009043004924232925,0.041612589820074146,0.35467980295566504
273,2.0,0.010575275137622672,0.02038624050135694,0.535303776683087
274,2.0,0.013184118386942043,0.046304407597366606,0.5402298850574713
275,2.0,0.008013690529348394,0.016387570550100844,0.3185550082101806
276,2.0,0.014272473621890462,0.030935626043229414,0.5539135194307608
277,2.0,0.012134942248029908,0.03619448111573966,0.7471264367816092
278,2.0,0.01311467412783561,0.02454870545831753,0.29556650246305416
279,2.0,0.014253606572292734,0.025439060246657718,0.29337712096332785
280,2.0,0.011304572181325542,0.01727636873914959,0.4395183360700602
281,3.0,0.017942027822186415,0.02906359580778556,0.6447728516694033
282,2.0,0.01222850322152709,0.027246432320117614,0.6611932129173508
283,2.0,0.014255560667912587,0.01620314157939379,0.4614121510673235
284,2.0,0.010829108078332561,0.03211734881359087,0.6765188834154352
285,2.0,0.018005517523411996,0.020872684860708025,0.49425287356321834
286,2.0,0.01229163176248906,0.01737816013724412,0.3054187192118227
287,2.0,0.00981096499139096,0.03073627532365357,0.6316365626710454
288,2.0,0.014739839551356661,0.030430041809900464,0.5703338806787082
289,2.0,0.015504710834409198,0.04044954488136009,0.5599343185550082
290,2.0,0.016044094542442305,0.03872848513111975,0.1839080459770115
291,3.0,0.02077768074962307,0.03944709646191347,0.33278598795840175
292,2.0,0.010499539627552228,0.015132349885945936,0.4460864805692392
293,2.0,0.014961419101620329,0.0336070718212403,0.5987958401751505
294,2.0,0.015355147966828277,0.022295927727495078,0.7120963327859879
295,3.0,0.016626757807361527,0.03606998985372103,0.1417624521072797
296,2.0,0.012810338121653704,0.030385442043867984,0.5243568691844555
297,3.0,0.026053085664225525,0.026562594206636685,0.28078817733990147
298,2.0,0.01239434706663867,0.02975104881920332,0.6420361247947455
299,2.0,0.007131866430585722,0.03062951851798545,0.6683087027914614
300,3.0,0.022140047356842642,0.03902386970260283,0.6666666666666666
301,2.0,0.015347380223087955,0.0221180606931478,0.5155993431855501
302,2.0,0.010205860389040143,0.02772733355438808,0.5123152709359605
303,2.0,0.0065335635389589235,0.028258344310767722,0.3711001642036125
304,3.0,0.01944450963091615,0.027638213615377067,0.32676518883415434
305,2.0,0.01761165312180037,0.025690063164803944,0.7181171319102353
306,2.0,0.01810857141947215,0.04771825191052649,0.18445539135194308
307,2.0,0.012693331971275042,0.03138165055525628,0.42309797482211275
308,2.0,0.015019438408143888,0.037987351782994866,0.25396825396825395
309,2.0,0.015802797124674722,0.04767495218151803,0.5380405035577449
310,2.0,0.016772286982008385,0.031121935748756453,0.7071702244116037
311,2.0,0.015365583693660893,0.031223180881314105,0.6108374384236454
312,2.0,0.0122668142537364,0.03693950808228033,0.6124794745484401
313,3.0,0.016249870990039602,0.025926982758707286,0.46195949644225504
314,2.0,0.021601555512519185,0.01752313054389356,0.7197591680350302
315,2.0,0.0134516581803868,0.042298439322912273,0.5424192665571976
316,2.0,0.01160797809154807,0.014307341173815496,0.428024083196497
317,2.0,0.012638416975823592,0.017086077645483623,0.701696770662288
318,3.0,0.02101918554837045,0.02776981987294113,0.7695675971538041
319,3.0,0.016478500970951004,0.029987380537182817,0.451559934318555
320,2.0,0.017090099645843446,0.028831501322510878,0.3886152162014231
321,2.0,0.007163731825525795,0.02515910269376823,0.655719759168035
322,2.0,0.01365739888477709,0.037728597201923966,0.42966611932129173
323,2.0,0.018111058925993143,0.02887219834815161,0.43130815544608647
324,2.0,0.01899532961250437,0.03193830333909246,0.42419266557197594
325,2.0,0.013458577687052721,0.03029148861964849,0.23043240284619596
326,2.0,0.015423950497676281,0.013864668899966601,0.7066228790366721
327,2.0,0.00894224807122232,0.013760812571856056,0.5057471264367817
328,2.0,0.007951753794370913,0.01685722952948839,0.5582922824302136
329,2.0,0.012456896219771989,0.0146491175083858,0.545703338806787
330,2.0,0.008530503639540759,0.03510180809622812,0.5139573070607554
331,2.0,0.01709669636916703,0.03524301452774368,0.3388067870826491
332,2.0,0.010405485286186355,0.01432239230737483,0.6518883415435139
333,3.0,0.01916383509218953,0.02541173627755467,0.5079365079365079
334,2.0,0.01455140688143142,0.03644456172718101,0.5380405035577449
335,2.0,0.016139869009381212,0.047739507245856856,0.40613026819923376
336,2.0,0.015856800429913918,0.021242924129046388,0.1691297208538588
337,2.0,0.010591074390853982,0.02698049721515997,0.6666666666666666
338,2.0,0.016852544090482428,0.020636338316579423,0.6611932129173508
339,3.0,0.01996280581648955,0.03008866356776467,0.2255062944718117
340,2.0,0.011527572557307592,0.03497835759238175,0.6535303776683087
341,2.0,0.012863381361387547,0.02717290211765046,0.28078817733990147
342,2.0,0.013724918194443403,0.02957922882744322,0.5024630541871921
343,2.0,0.019074180768391562,0.015197969519218969,0.6896551724137931
344,2.0,0.014682345067052566,0.01921996064516482,0.3360700602079913
345,2.0,0.012932957795683066,0.02369857718061592,0.5232621784345922
346,3.0,0.016843521982063972,0.02216571337109072,0.5041050903119868
347,3.0,0.02611532927437019,0.035176407418889326,0.6425834701696771
348,3.0,0.01999177806337686,0.05650818942041354,0.6053639846743295
349,3.0,0.024663698240118475,0.04070209642603825,0.7307060755336617
350,2.0,0.01265841124071721,0.02679357533238698,0.6081007115489874
351,2.0,0.017760289499136515,0.028798334903975136,0.7224958949096879
352,2.0,0.01533975207373387,0.03280302960273203,0.21510673234811167
353,2.0,0.016990327405754232,0.021307435764912577,0.6081007115489874
354,2.0,0.016391006194927234,0.03468475095693586,0.735632183908046
355,2.0,0.013046620437697458,0.027279214113177665,0.43568691844553914
356,2.0,0.013935589136212368,0.028178904616859745,0.2660098522167488
357,2.0,0.009688367325033368,0.018496931713434604,0.749863163656267
358,3.0,0.021784121030622716,0.03039208320884896,0.37055281882868085
359,2.0,0.010441761184221457,0.03843642218532346,0.5320197044334976
360,3.0,0.0169392514190703,0.015274112608545656,0.6053639846743295
361,2.0,0.017645127031321407,0.020277051158425565,0.5539135194307608
362,2.0,0.01236634641348536,0.04126866553708823,0.22003284072249588
363,2.0,0.015136993492868057,0.03222486248453998,0.6305418719211823
364,2.0,0.015673861486920838,0.03282350830970867,0.4521072796934866
365,2.0,0.01883634856429273,0.035571668637953045,0.6217843459222769
366,2.0,0.01833487505075264,0.03923317122865672,0.6978653530377669
367,2.0,0.01387721970925963,0.02745127419844913,0.6234263820470717
368,2.0,0.017424877272277914,0.03100866890977374,0.3875205254515599
369,2.0,0.01651329831899974,0.014749415059471211,0.5577449370552819
370,2.0,0.019566527252149763,0.0228623430421529,0.46195949644225504
371,2.0,0.016286601862933143,0.02992832901060341,0.4510125889436234
372,3.0,0.023277317599766676,0.03099018926264745,0.7805145046524357
373,2.0,0.011280824132365754,0.03059918584781077,0.48823207443897104
374,2.0,0.019847267324171178,0.024028506842001918,0.24904214559386975
375,2.0,0.01548447538600334,0.01837103786822096,0.6518883415435139
376,2.0,0.013591663933528805,0.025123323662230933,0.778872468527641
377,2.0,0.012735213074428032,0.0126169841983633,0.6124794745484401
378,2.0,0.009958291100183186,0.020032320109454015,0.26655719759168034
379,2.0,0.00989434956737675,0.03463093463179919,0.6748768472906403
380,2.0,0.020537669006512493,0.02443575912023479,0.7093596059113301
381,2.0,0.01623777677769788,0.022216614569176188,0.29939792008757526
382,3.0,0.018431776618985887,0.03012953769757269,0.4690749863163656
383,2.0,0.011916103593543097,0.022935166946695545,0.41598248494800216
384,2.0,0.014026789404298898,0.015885136950465003,0.6026272577996716
385,3.0,0.01421547050552,0.039094753594317834,0.5407772304324029
386,2.0,0.01160386731304255,0.03916701013695992,0.5073891625615763
387,2.0,0.009654806776042964,0.03842078513949663,0.29666119321291734
388,3.0,0.019943798661516694,0.021019619414480804,0.6376573617952929
389,2.0,0.016091777400690545,0.019042139097346897,0.6436781609195401
390,2.0,0.00966721661248056,0.03333822668441081,0.28407224958949095
391,2.0,0.011481916607304462,0.021833400211408664,0.6551724137931034
392,2.0,0.008825796039258964,0.017395262097614113,0.4389709906951286
393,2.0,0.011397911843290696,0.02598060473689507,0.5982484948002189
394,2.0,0.010460496085919554,0.019293177917669713,0.2326217843459223
395,2.0,0.012457984269940544,0.021069572151160336,0.6009852216748768
396,3.0,0.019156721977877753,0.04561115082721775,0.6015325670498085
397,2.0,0.014997178677963862,0.026078290537479582,0.5987958401751505
398,2.0,0.017025821830470526,0.03714625787130187,0.5199781061850027
399,2.0,0.011731637329791145,0.027746840533955534,0.23097974822112752
400,2.0,0.010773583596791158,0.03396542969716542,0.22441160372194854
401,3.0,0.020055855082929196,0.02337074028590122,0.6316365626710454
402,2.0,0.013189913825882962,0.03946265363283663,0.6398467432950191
403,2.0,0.015356957040310568,0.05060190722102247,0.705528188286809
404,2.0,0.011520653354052253,0.014105957477230391,0.4192665571975917
405,2.0,0.014705408006908918,0.034432249021076576,0.43130815544608647
406,2.0,0.014807819197378901,0.037417399181671356,0.5057471264367817
407,2.0,0.012860980134882499,0.03280608756191539,0.5002736726874657
408,2.0,0.013444998609748102,0.03178371434180572,0.5971538040503558
409,2.0,0.01652791693836628,0.036103751478769465,0.7843459222769567
410,2.0,0.0091846397913641,0.018787139666823396,0.458128078817734
411,3.0,0.021978711703566352,0.034777200865087454,0.7038861521620142
412,2.0,0.007692650267355376,0.027719172823521387,0.1592775041050903
413,2.0,0.010837057103528305,0.03169223178297147,0.6261631089217295
414,2.0,0.0160831560566502,0.02684363422911524,0.3711001642036125
415,2.0,0.007186548434697046,0.01583392567535259,0.6770662287903666
416,2.0,0.011541496631043943,0.030257837156852402,0.48823207443897104
417,2.0,0.011161637888499576,0.03016974655496237,0.5068418171866448
418,2.0,0.012342007386054388,0.029644116268184414,0.46798029556650245
419,2.0,0.012319462063264149,0.033257289255639595,0.545703338806787
420,2.0,0.013330678334617511,0.04371319743212819,0.6217843459222769
421,2.0,0.007715214766097747,0.04415541700537625,0.3853311439518336
422,2.0,0.013651624622655291,0.041029578560806315,0.6562671045429667
423,2.0,0.016064099483684327,0.01850948554055716,0.3289545703338807
424,2.0,0.012121701609967419,0.02440358059932256,0.7060755336617406
425,2.0,0.013080845772559677,0.031166670617496672,0.5008210180623973
426,2.0,0.015710936685047548,0.027866222365008353,0.6206896551724138
427,2.0,0.017931855450455118,0.03867656624357458,0.42145593869731796
428,2.0,0.011784299808240908,0.02352902742861863,0.5495347564313082
429,2.0,0.014314333483985328,0.02238139454007198,0.5495347564313082
430,2.0,0.014948370534183146,0.028753418160367698,0.5714285714285714
431,2.0,0.014156070033604608,0.03072336679130893,0.6102900930487137
432,2.0,0.014013839501697696,0.021284841284492862,0.6217843459222769
433,2.0,0.009956664971664421,0.027849989853483758,0.708264915161467
434,2.0,0.015445678502139697,0.03268916418122531,0.5769020251778874
435,2.0,0.014804284164808208,0.03839213126174308,0.7794198139025725
436,3.0,0.017958839064217417,0.018154806930011962,0.628352490421456
437,2.0,0.015954439776501076,0.025428086408080364,0.8253968253968254
438,2.0,0.018027793350507675,0.02137074580008373,0.6278051450465244
439,2.0,0.011177774988055052,0.02831622598659688,0.37219485495347565
440,2.0,0.007990678027566193,0.02588148536974009,0.645320197044335
441,2.0,0.013559477405334721,0.023745310639806057,0.5035577449370552
442,3.0,0.022357341485039758,0.021310197104582138,0.5637657361795292
443,2.0,0.01147764333183014,0.03189350836172972,0.7509578544061303
444,2.0,0.01496460272610909,0.030119513961500425,0.2884510125889437
445,2.0,0.016546404124245347,0.02241379258449564,0.5966064586754242
446,3.0,0.023051536779716043,0.015780259446714823,0.6529830322933771
447,3.0,0.022636350782565973,0.038352590675620093,0.5440613026819923
448,2.0,0.010215573958839937,0.027040190044117986,0.438423645320197
449,2.0,0.01382647315005694,0.024966334459019125,0.5916803503010399
450,2.0,0.016679973430879107,0.02442161291311783,0.4756431308155446
451,2.0,0.009522323829094717,0.029628965162410644,0.4072249589490969
452,2.0,0.014016456453163257,0.020963976914549008,0.5035577449370552
453,2.0,0.02239924953470583,0.030218722941189935,0.6141215106732347
454,2.0,0.014979587130597253,0.01106884789959457,0.78544061302682
455,2.0,0.014904638968151309,0.035150894769806276,0.645320197044335
456,2.0,0.01625229476012316,0.03053447672688548,0.42911877394636017
457,2.0,0.015604122332748454,0.031981188356928876,0.41707717569786534
458,2.0,0.009568878807814964,0.02804729266333271,0.5615763546798029
459,2.0,0.013676340662426418,0.028794106956357084,0.5665024630541872
460,2.0,0.010597699040370015,0.030694845285270854,0.7235905856595511
461,2.0,0.008545411067013228,0.02334386202228136,0.5385878489326764
462,2.0,0.016927569979680313,0.01761149740254433,0.6332785987958401
463,2.0,0.01870370843843663,0.031683877050111144,0.6819923371647509
464,2.0,0.018016541820010615,0.024275824790933525,0.6163108921729611
465,2.0,0.014796087051383246,0.02204466999010325,0.6929392446633825
466,2.0,0.02149096571134939,0.017388166097369734,0.32676518883415434
467,2.0,0.010317943882005534,0.023089637313642775,0.4740010946907498
468,2.0,0.016528214947852102,0.01686496130105775,0.5435139573070608
469,2.0,0.012156465247376493,0.023609537947900404,0.5867542419266557
470,3.0,0.020915867299088,0.025893768332693426,0.6995073891625616
471,2.0,0.014264425496616091,0.0361813095415438,0.6135741652983032
472,3.0,0.02568668580594977,0.02284618024306228,0.5495347564313082
473,2.0,0.013671427257442593,0.013903231071004576,0.7662835249042145
474,2.0,0.016429802929800032,0.03027362653628078,0.3984674329501916
475,3.0,0.018512774940658103,0.02342483270529364,0.5221674876847291
476,2.0,0.014840443236617458,0.03390627088497004,0.7011494252873564
477,2.0,0.012914265020349215,0.029203602611662167,0.33169129720853857
478,2.0,0.008690513920436089,0.029118807518596444,0.5998905309250135
479,2.0,0.01583085283235011,0.03160457843919226,0.8204707170224411
480,2.0,0.017483773010913233,0.013374653655787001,0.7285166940339354
481,2.0,0.02038854197829778,0.029748610386428374,0.20415982484948003
482,3.0,0.021821794523423158,0.013884111833099524,0.41598248494800216
483,3.0,0.019769537059769533,0.011239857880343143,0.33114395183360695
484,2.0,0.012147842359703459,0.032142223428711245,0.3289545703338807
485,2.0,0.015767788845136944,0.009859974390569768,0.7739463601532567
486,2.0,0.012220903599560056,0.028849658991811706,0.32676518883415434
487,2.0,0.012826176727343321,0.01912289403188373,0.3415435139573071
488,2.0,0.010837558939492878,0.028558225796744767,0.49425287356321834
489,2.0,0.008564522034532873,0.03022952808260439,0.6458675424192666
490,2.0,0.011750482871522494,0.014088205842984378,0.6256157635467979
491,2.0,0.013806553720790617,0.028875580248321656,0.5555555555555555
492,2.0,0.013873322726647095,0.04896116025300419,0.6551724137931034
493,3.0,0.02144871605489963,0.03819189440192111,0.3984674329501916
494,2.0,0.017916487256157892,0.03546369616985535,0.4329501915708812
495,2.0,0.010605917482172735,0.023101797897588535,0.2824302134646962
496,2.0,0.008833116787234472,0.060920446501528794,0.41817186644772847
497,2.0,0.013749103500713266,0.023688977910586936,0.6486042692939245
498,3.0,0.018859172196856226,0.038845953939114324,0.3333333333333333
499,2.0,0.014570872406219978,0.0389777478297266,0.6956759715380404
