site,site_name,outline,recorded_height_ft,area_m2,area_tool_m2,vertices,baseline_m,summit_m,height_m,volume_m3,mean_rise_m,height_spread_m,height_min_m,height_max_m,height_ft
11-N-1,,Mound 3,23.0,3377.015000000014,3377.07,6,63.50450325012207,72.72492218017578,9.220418930053711,11969.449577331543,3.4684003411566335,2.193225860595703,7.968479156494141,10.161705017089844,30.25071827445443
11-N-1,,Mound 2,23.0,4888.754999999976,4885.66,12,62.06695365905762,67.51555633544922,5.448602676391602,19072.139320373535,3.830516031406615,2.0702648162841797,4.109964370727539,6.180229187011719,17.875993032780844
11-N-11,,Mound 1,10.0,503.96000000002095,505.31,3,64.98062515258789,65.85477447509766,0.8741493225097656,373.1794967651367,0.6834789318042797,0.39266204833984375,0.6978378295898438,1.0904998779296875,2.867943971488732
11-N-12,,Mound 1,10.0,902.6700000000274,902.48,4,64.70274353027344,66.73592376708984,2.0331802368164062,1006.0040664672852,1.082889199641857,0.12556838989257812,1.9203872680664062,2.0459556579589844,6.670538834699495
11-N-13,,Mound 1,8.0,7817.835000000021,7821.06,6,63.80674743652344,66.54386138916016,2.7371139526367188,12579.732189178467,1.5879490266572163,0.40915870666503906,2.464710235595703,2.873868942260742,8.980032653007607
11-N-2,,Mound 1,5.0,2149.429999999993,2151.77,5,65.51798629760742,67.13640594482422,1.6184196472167969,1919.9359092712402,0.8667882208899504,0.05879974365234375,1.5596199035644531,1.6184196472167969,5.309775745461931
11-N-2,,Mound 2,5.0,462.45999999999185,463.35,4,65.62689208984375,66.54093170166016,0.9140396118164062,240.16121673583984,0.46633245968124243,0.018718719482421875,0.8953208923339844,0.9140396118164062,2.998817624069574
11-N-4,,Mound 1,12.0,4521.430000000008,4519.82,5,66.11508560180664,69.02378845214844,2.908702850341797,7901.662326812744,1.7125405996559913,0.5889244079589844,2.551372528076172,3.1402969360351562,9.542988354139753
11-N-4,,Mound 2,12.0,1719.4249999999738,1718.35,5,65.79138946533203,67.1230697631836,1.3316802978515625,1516.4562530517578,0.8665464303152902,0.19662094116210938,1.2109451293945312,1.4075660705566406,4.369029848594365
11-N-8,,Mound 1,9.0,733.6149999999907,733.19,4,64.73211288452148,67.3781967163086,2.6460838317871094,843.8979644775391,1.0959713824383623,0.19646453857421875,2.52783203125,2.7242965698242188,8.681377400876343
11-N-9,,Mound 1,9.0,3333.1550000000425,3333.56,7,64.86305236816406,67.29076385498047,2.4277114868164062,5667.534614562988,1.6659419795893557,0.7200851440429688,2.117961883544922,2.8380470275878906,7.964932699528892
11-O-6,,Mound 1,5.0,7543.099999999977,7546.61,7,65.7231559753418,66.14889526367188,0.4257392883300781,779.2650909423828,0.10098031501132342,0.046054840087890625,0.38652801513671875,0.4325828552246094,1.3967824420278152
11-P-1,,Mound 1,8.0,2609.774999999994,2607.45,5,72.08254623413086,73.54358673095703,1.4610404968261719,1908.8107566833496,0.7109164829360706,0.22932052612304688,1.3688316345214844,1.5981521606445312,4.793439950217099
12-N-10,,Mound 1,15.0,1263.4399999999878,1262.63,4,59.116798400878906,61.96366500854492,2.8468666076660156,1867.3813133239746,1.4431076609922524,0.5479907989501953,2.658557891845703,3.2065486907958984,9.340113542211338
12-N-5,,Mound 1,5.0,2632.2000000000116,2635.02,6,64.37563705444336,67.32899475097656,2.953357696533203,3676.3300132751465,1.347134486359526,0.006305694580078125,2.9500274658203125,2.9563331604003906,9.689493755030194
13-N-12,,Mound 1,9.0,2630.3099999999977,2630.24,6,60.54453659057617,63.059635162353516,2.5150985717773438,3835.679054260254,1.426433266738659,0.22277259826660156,2.398405075073242,2.6211776733398438,8.251635734177636
13-N-12/A,,Mound 1,9.0,2371.594999999972,2371.49,6,60.53426170349121,63.059635162353516,2.5253734588623047,3610.474338531494,1.4864035975839827,0.2646217346191406,2.367990493774414,2.6326122283935547,8.285345993642732
13-N-13,,Mound 1,6.0,923.1200000000099,923.94,5,60.867238998413086,63.31083297729492,2.443593978881836,886.5294914245605,0.9009446051062607,0.07474708557128906,2.4149551391601562,2.4897022247314453,8.017040613129383
13-N-16,,Mound 1,12.0,1458.3349999999919,1460.38,5,59.49386405944824,60.08041000366211,0.5865459442138672,418.41930198669434,0.2724083997309208,0.3016700744628906,0.5391368865966797,0.8408069610595703,1.9243633340349973
13-N-17,,Mound 1,14.0,3491.905000000028,3494.55,6,58.327077865600586,65.18213653564453,6.855058670043945,9249.288896560669,2.5814370350434466,0.22035980224609375,6.706569671630859,6.926929473876953,22.490349967335778
13-N-3,,Mound 1,23.0,5455.309999999998,5452.14,8,60.69953918457031,67.21288299560547,6.513343811035156,18573.509342193604,3.3592890834135654,0.16754722595214844,6.419109344482422,6.58665657043457,21.369238225180958
13-N-4/C,,Mound 1,16.0,2969.029999999999,2967.49,7,60.596967697143555,66.97911834716797,6.382150650024414,8196.421262741089,2.6961912048490424,0.06579971313476562,6.358253479003906,6.424053192138672,20.938814468584035
13-O-1,,Mound 1,9.0,4499.93,4499.01,7,61.63882637023926,64.4652328491211,2.826406478881836,5479.257495880127,1.2023825972964948,0.10453033447265625,2.738985061645508,2.843515396118164,9.272987135439093
13-O-10,,Mound 1,20.0,3347.9949999999953,3349.33,8,60.05872917175293,67.37931060791016,7.320581436157227,13468.269500732422,3.949639149774904,0.1407794952392578,7.26898193359375,7.409761428833008,24.017655630437094
13-O-11,,Mound 1,18.0,2674.3650000000016,2675.67,6,61.118947982788086,67.53820037841797,6.419252395629883,9330.692646026611,3.374572385543078,0.27347755432128906,6.312721252441406,6.586198806762695,21.060539355741085
13-O-11,,Mound 2,18.0,1600.9100000000035,1601.5,5,60.93544578552246,63.34769058227539,2.4122447967529297,2390.3392848968506,1.4287742288684104,0.07060432434082031,2.4119129180908203,2.4825172424316406,7.9141889657248345
13-O-11,,Mound 3,18.0,1250.1900000000096,1250.02,5,60.63906669616699,61.5945930480957,0.9555263519287109,916.1680946350098,0.6988314985774292,0.03142547607421875,0.9514923095703125,0.9829177856445312,3.1349289761440646
13-O-11,,Mound 4,18.0,475.9300000000003,476.83,4,60.50098991394043,62.59275817871094,2.091768264770508,533.649003982544,1.020361384287847,0.0653076171875,2.0322532653808594,2.0975608825683594,6.862756774181456
13-O-2,,Mound 1,12.0,1739.329999999958,1740.06,4,62.449567794799805,66.63452911376953,4.184961318969727,6120.646970748901,3.3282474011685164,0.16150474548339844,4.023456573486328,4.184961318969727,13.73018805436262
13-O-2,,Mound 2,12.0,657.6699999999983,658.31,4,62.998435974121094,64.43993377685547,1.441497802734375,726.5243949890137,1.0090616597069635,0.2502727508544922,1.3209609985351562,1.5712337493896484,4.7293234997846945
13-O-7,,Mound 1,10.0,3427.0999999999767,3424.13,6,62.18770790100098,63.65109634399414,1.463388442993164,3213.7571125030518,0.9104127797459071,0.3923912048339844,1.2893657684326172,1.6817569732666016,4.80114318567311
14-N-1,,Mound 1,3.0,472.7600000000384,472.15,4,103.38247299194336,104.3358383178711,0.9533653259277344,70.14419555664062,0.1425695031639037,0.3581352233886719,0.805389404296875,1.1635246276855469,3.1278389958259
14-O-1,,Mound 1,12.0,2262.1999999999825,2262.42,6,58.77313232421875,64.93805694580078,6.164924621582031,5561.197135925293,2.370501762969008,0.24272918701171875,6.044822692871094,6.2875518798828125,20.22613064823501
14-O-1,,Mound 2,12.0,202.46000000002095,202.57,3,58.704315185546875,59.723960876464844,1.0196456909179688,105.97139358520508,0.4795085682588465,0.03762054443359375,1.0120830535888672,1.049703598022461,3.345294261541892
14-O-1,,Mound 3,12.0,539.5699999999924,541.68,4,58.08810234069824,59.60919952392578,1.521097183227539,519.5132637023926,0.8941708497459425,0.05069732666015625,1.4703998565673828,1.521097183227539,4.990476322924997
14-O-10,,Mound 1,18.0,885.6599999999744,886.26,5,56.30912971496582,60.34244155883789,4.03331184387207,1986.2279376983643,2.18506923839204,0.24064064025878906,3.868165969848633,4.108806610107422,13.23265040640443
14-O-10,,Mound 2,18.0,3364.0499999999884,3363.73,7,56.80785942077637,59.913856506347656,3.105997085571289,6951.087795257568,2.0277385633773535,0.1383190155029297,3.0385913848876953,3.176910400390625,10.190279152136775
14-O-10,,Mound 3,18.0,1548.2149999999965,1547.32,6,56.566558837890625,59.201377868652344,2.6348190307617188,2493.0128860473633,1.5748660050836154,0.3180389404296875,2.426563262939453,2.7446022033691406,8.644419392262856
14-O-10,,Mound 4,18.0,5108.015000000014,5108.89,7,56.6142578125,56.86663055419922,0.25237274169921875,293.80089569091797,0.05688303885593765,0.01126861572265625,0.24492263793945312,0.2561912536621094,0.8279945593806389
14-O-10,,Mound 5,18.0,1136.750000000029,1134.66,5,56.72934913635254,57.29971694946289,0.5703678131103516,239.21799087524414,0.1998479455933535,0.0500030517578125,0.5515022277832031,0.6015052795410156,1.8712854760838304
14-O-2,,Mound 1,12.0,2698.4600000000355,2695.83,5,57.86109733581543,62.020347595214844,4.159250259399414,4363.887495040894,1.5691792502843918,0.18898582458496094,4.053979873657227,4.2429656982421875,13.645834184381279
14-O-3,,Mound 1,11.0,1599.979999999996,1597.1,5,58.16831016540527,61.7124137878418,3.5441036224365234,2305.3020572662354,1.4283160206110503,0.46471405029296875,3.3526077270507812,3.81732177734375,11.627636556550273
14-O-3,,Mound 2,11.0,574.839999999982,577.03,4,56.92957305908203,59.1187858581543,2.1892127990722656,808.4908866882324,1.3189084611553548,0.6157112121582031,1.9140377044677734,2.5297489166259766,7.182456689869637
14-O-4,,Mound 1,10.0,303.7250000000058,304.37,3,60.46580505371094,61.347991943359375,0.8821868896484375,245.67314529418945,0.6900931047589591,0.3822288513183594,0.6990489959716797,1.081277847290039,2.8943139424161335
14-O-8,,Mound 1,15.0,1326.0349999999744,1327.15,6,56.18028259277344,60.47041320800781,4.290130615234375,1983.1260528564453,1.4517760269812923,0.1808338165283203,4.223443984985352,4.404277801513672,14.075231677278133
14-O-8,,Mound 2,15.0,1133.0550000000512,1133.26,5,54.60164451599121,56.10530471801758,1.5036602020263672,1030.512004852295,0.8830437059574078,0.12042045593261719,1.4278011322021484,1.5482215881347656,4.933268379351598
14-O-8,,Mound 3,15.0,180.85499999998137,180.43,3,52.93637466430664,54.7584342956543,1.8220596313476562,150.9471893310547,0.7547359466552734,0.11886405944824219,1.8021297454833984,1.9209938049316406,5.977885929618295
14-O-8,,Mound 4,15.0,816.2199999999721,815.98,5,56.74231147766113,58.71622085571289,1.9739093780517578,389.24922370910645,0.4563296878184132,0.1884441375732422,1.8984298706054688,2.086874008178711,6.476080636652749
14-O-8,,Mound 5,15.0,1717.3300000000454,1719.52,7,56.737022399902344,57.077354431152344,0.34033203125,122.3162956237793,0.06894943383527581,0.2217426300048828,0.2848854064941406,0.5066280364990234,1.116574905675853
14-O-8,,Mound 6,15.0,1132.6049999999814,1132.55,5,52.739227294921875,55.42080307006836,2.6815757751464844,907.972972869873,0.7566441440582276,0.1829376220703125,2.6013412475585938,2.7842788696289062,8.797820784601326
