transform,w,algorithm,ari_all,ari_mapped,ari_mapped_lo,ari_mapped_hi,n_seeds
raw,0.0,kmeans,0.5087018544935806,0.4799999999999999,0.4799999999999999,0.4799999999999999,40
raw,0.0,ward,0.7555507652511317,0.7400547253209852,0.7400547253209852,0.7400547253209852,1
raw,0.0,average,0.7555507652511317,0.7400547253209852,0.7400547253209852,0.7400547253209852,1
raw,0.1,kmeans,0.5087018544935806,0.4799999999999999,0.4799999999999999,0.4799999999999999,40
raw,0.1,ward,0.7555507652511317,0.7400547253209852,0.7400547253209852,0.7400547253209852,1
raw,0.1,average,0.7555507652511317,0.7400547253209852,0.7400547253209852,0.7400547253209852,1
raw,0.25,kmeans,0.607451930641659,0.5802841153680586,0.5802841153680586,0.5802841153680586,40
raw,0.25,ward,0.7555507652511317,0.7400547253209852,0.7400547253209852,0.7400547253209852,1
raw,0.25,average,0.5068213404430326,0.47630922693266836,0.47630922693266836,0.47630922693266836,1
raw,0.5,kmeans,0.4916621839698763,0.508108108108108,0.508108108108108,0.508108108108108,40
raw,0.5,ward,0.4916621839698763,0.508108108108108,0.508108108108108,0.508108108108108,1
raw,0.5,average,0.3417244796828543,0.3496318670945818,0.3496318670945818,0.3496318670945818,1
raw,1.0,kmeans,0.4916621839698763,0.508108108108108,0.508108108108108,0.508108108108108,40
raw,1.0,ward,0.452811782106555,0.45436934997847617,0.45436934997847617,0.45436934997847617,1
raw,1.0,average,0.3417244796828543,0.3496318670945818,0.3496318670945818,0.3496318670945818,1
raw,2.0,kmeans,0.11510163724663387,0.16699029126213596,0.16699029126213596,0.16699029126213596,40
raw,2.0,ward,0.05376463716518782,0.09755646057015924,0.09755646057015924,0.09755646057015924,1
raw,2.0,average,0.11694747274529235,0.17783651123277325,0.17783651123277325,0.17783651123277325,1
raw,4.0,kmeans,0.11510163724663387,0.16699029126213596,0.16699029126213596,0.16699029126213596,40
raw,4.0,ward,0.05376463716518782,0.09755646057015924,0.09755646057015924,0.09755646057015924,1
raw,4.0,average,0.11510163724663387,0.16699029126213596,0.16699029126213596,0.16699029126213596,1
raw,8.0,kmeans,0.11510163724663387,0.16699029126213596,0.16699029126213596,0.16699029126213596,40
raw,8.0,ward,0.11694747274529235,0.17783651123277325,0.17783651123277325,0.17783651123277325,1
raw,8.0,average,0.11510163724663387,0.16699029126213596,0.16699029126213596,0.16699029126213596,1
raw,32.0,kmeans,0.07671934316235546,0.12751677852348994,0.12751677852348994,0.12751677852348994,40
raw,32.0,ward,0.07671934316235546,0.12751677852348994,0.12751677852348994,0.12751677852348994,1
raw,32.0,average,0.11510163724663387,0.16699029126213596,0.16699029126213596,0.16699029126213596,1
raw,inf,kmeans,0.07671934316235546,0.12751677852348994,0.12751677852348994,0.12751677852348994,40
raw,inf,ward,0.07671934316235546,0.12751677852348994,0.12751677852348994,0.12751677852348994,1
raw,inf,average,0.07671934316235546,0.12751677852348994,0.12751677852348994,0.12751677852348994,1
clr,0.0,kmeans,0.5087018544935806,0.4799999999999999,0.4799999999999999,0.4799999999999999,40
clr,0.0,ward,0.7555507652511317,0.7400547253209852,0.7400547253209852,0.7400547253209852,1
clr,0.0,average,0.7555507652511317,0.7400547253209852,0.7400547253209852,0.7400547253209852,1
clr,0.1,kmeans,0.5087018544935806,0.4799999999999999,0.4799999999999999,0.4799999999999999,40
clr,0.1,ward,0.7555507652511317,0.7400547253209852,0.7400547253209852,0.7400547253209852,1
clr,0.1,average,0.7555507652511317,0.7400547253209852,0.7400547253209852,0.7400547253209852,1
clr,0.25,kmeans,0.607451930641659,0.5802841153680586,0.5802841153680586,0.5802841153680586,40
clr,0.25,ward,0.7555507652511317,0.7400547253209852,0.7400547253209852,0.7400547253209852,1
clr,0.25,average,0.7555507652511317,0.7400547253209852,0.7400547253209852,0.7400547253209852,1
clr,0.5,kmeans,0.5087018544935806,0.5221621621621622,0.5221621621621622,0.5221621621621622,40
clr,0.5,ward,0.7555507652511317,0.7400547253209852,0.7400547253209852,0.7400547253209852,1
clr,0.5,average,0.3417244796828543,0.3496318670945818,0.3496318670945818,0.3496318670945818,1
clr,1.0,kmeans,0.4916621839698763,0.508108108108108,0.508108108108108,0.508108108108108,40
clr,1.0,ward,0.5087018544935806,0.5221621621621622,0.5221621621621622,0.5221621621621622,1
clr,1.0,average,0.3417244796828543,0.3496318670945818,0.3496318670945818,0.3496318670945818,1
clr,2.0,kmeans,0.11510163724663387,0.16699029126213596,0.16699029126213596,0.16699029126213596,40
clr,2.0,ward,0.452811782106555,0.45436934997847617,0.45436934997847617,0.45436934997847617,1
clr,2.0,average,0.05376463716518782,0.09755646057015924,0.09755646057015924,0.09755646057015924,1
clr,4.0,kmeans,0.11510163724663387,0.16699029126213596,0.16699029126213596,0.16699029126213596,40
clr,4.0,ward,0.05376463716518782,0.09755646057015924,0.09755646057015924,0.09755646057015924,1
clr,4.0,average,0.11694747274529235,0.17783651123277325,0.17783651123277325,0.17783651123277325,1
clr,8.0,kmeans,0.11510163724663387,0.16699029126213596,0.16699029126213596,0.16699029126213596,40
clr,8.0,ward,0.05376463716518782,0.09755646057015924,0.09755646057015924,0.09755646057015924,1
clr,8.0,average,0.11694747274529235,0.17783651123277325,0.17783651123277325,0.17783651123277325,1
clr,32.0,kmeans,0.07671934316235546,0.12751677852348994,0.12751677852348994,0.12751677852348994,40
clr,32.0,ward,0.07186295503211991,0.130683989300726,0.130683989300726,0.130683989300726,1
clr,32.0,average,0.11694747274529235,0.17783651123277325,0.17783651123277325,0.17783651123277325,1
clr,inf,kmeans,0.07671934316235546,0.12751677852348994,0.12751677852348994,0.12751677852348994,40
clr,inf,ward,0.07186295503211991,0.130683989300726,0.130683989300726,0.130683989300726,1
clr,inf,average,0.07186295503211991,0.130683989300726,0.130683989300726,0.130683989300726,1
chisq,0.0,kmeans,0.5087018544935806,0.4799999999999999,0.4799999999999999,0.4799999999999999,40
chisq,0.0,ward,0.7555507652511317,0.7400547253209852,0.7400547253209852,0.7400547253209852,1
chisq,0.0,average,0.7555507652511317,0.7400547253209852,0.7400547253209852,0.7400547253209852,1
chisq,0.1,kmeans,0.5087018544935806,0.4799999999999999,0.4799999999999999,0.4799999999999999,40
chisq,0.1,ward,0.7555507652511317,0.7400547253209852,0.7400547253209852,0.7400547253209852,1
chisq,0.1,average,0.7555507652511317,0.7400547253209852,0.7400547253209852,0.7400547253209852,1
chisq,0.25,kmeans,0.7555507652511317,0.7400547253209852,0.7400547253209852,0.7400547253209852,40
chisq,0.25,ward,0.7555507652511317,0.7400547253209852,0.7400547253209852,0.7400547253209852,1
chisq,0.25,average,0.7555507652511317,0.7400547253209852,0.7400547253209852,0.7400547253209852,1
chisq,0.5,kmeans,0.7555507652511317,0.7400547253209852,0.7400547253209852,0.7400547253209852,40
chisq,0.5,ward,0.7555507652511317,0.7400547253209852,0.7400547253209852,0.7400547253209852,1
chisq,0.5,average,0.7555507652511317,0.7400547253209852,0.7400547253209852,0.7400547253209852,1
chisq,1.0,kmeans,0.7555507652511317,0.7400547253209852,0.7400547253209852,0.7400547253209852,40
chisq,1.0,ward,0.7555507652511317,0.7400547253209852,0.7400547253209852,0.7400547253209852,1
chisq,1.0,average,0.4746575148197521,0.43890274314214467,0.43890274314214467,0.43890274314214467,1
chisq,2.0,kmeans,0.48537197833782114,0.5389109117462967,0.5389109117462967,0.5389109117462967,40
chisq,2.0,ward,0.452811782106555,0.45436934997847617,0.45436934997847617,0.45436934997847617,1
chisq,2.0,average,0.024042447355330836,0.025953962613934855,0.025953962613934855,0.025953962613934855,1
chisq,4.0,kmeans,0.48537197833782114,0.5389109117462967,0.5389109117462967,0.5389109117462967,40
chisq,4.0,ward,0.4248291911567264,0.46457990115321257,0.46457990115321257,0.46457990115321257,1
chisq,4.0,average,0.024042447355330836,0.025953962613934855,0.025953962613934855,0.025953962613934855,1
chisq,8.0,kmeans,0.3885310617078745,0.43478260869565216,0.43478260869565216,0.43478260869565216,40
chisq,8.0,ward,0.4248291911567264,0.46457990115321257,0.46457990115321257,0.46457990115321257,1
chisq,8.0,average,0.024042447355330836,0.025953962613934855,0.025953962613934855,0.025953962613934855,1
chisq,32.0,kmeans,0.3260456551603192,0.3579923402539811,0.3579923402539811,0.3579923402539811,40
chisq,32.0,ward,0.3260456551603192,0.3579923402539811,0.3579923402539811,0.3579923402539811,1
chisq,32.0,average,0.024042447355330836,0.025953962613934855,0.025953962613934855,0.025953962613934855,1
chisq,inf,kmeans,0.3260456551603192,0.3579923402539811,0.3579923402539811,0.3579923402539811,40
chisq,inf,ward,0.3260456551603192,0.3579923402539811,0.3579923402539811,0.3579923402539811,1
chisq,inf,average,0.08003326566054353,0.08362704261454669,0.08362704261454669,0.08362704261454669,1
