method,weight,observed,drift_median,drift_lo,drift_hi,share_of_drift_at_or_above_observed
kmeans,0.0,0.4799999999999999,0.4799999999999999,0.4799999999999999,0.4799999999999999,1.0
kmeans,0.1,0.4799999999999999,0.4799999999999999,0.4799999999999999,0.8625792811839322,1.0
kmeans,0.25,0.7400547253209852,0.4799999999999999,0.4799999999999999,0.8625792811839322,0.13
kmeans,0.5,0.7400547253209852,0.4799999999999999,0.4799999999999999,0.8625792811839322,0.13
kmeans,1.0,0.7400547253209852,0.5104624425140522,0.3764617787930733,0.7707108498129344,0.06
kmeans,2.0,0.5389109117462967,0.45436934997847617,0.30777916739819683,0.6815026541445489,0.20666666666666667
kmeans,pottery alone,0.3579923402539811,0.12327382800747962,-0.04195469547732146,0.38554673046235016,0.05
ward,0.0,0.7400547253209852,0.7400547253209852,0.7400547253209852,0.7400547253209852,1.0
ward,0.1,0.7400547253209852,0.7400547253209852,0.4799999999999999,0.8625792811839322,0.95
ward,0.25,0.7400547253209852,0.7400547253209852,0.45436934997847617,0.8625792811839322,0.6766666666666666
ward,0.5,0.7400547253209852,0.6284111746305684,0.4453924914675768,0.8625792811839322,0.36333333333333334
ward,1.0,0.7400547253209852,0.4867745756020529,0.34761979202407406,0.7707108498129344,0.06333333333333334
ward,2.0,0.45436934997847617,0.4390654599031783,0.24694744151660578,0.6703230967515034,0.4633333333333333
ward,pottery alone,0.3579923402539811,0.09836509931418466,-0.04525862068965521,0.4163739545171766,0.056666666666666664
