k,radius_km,min_group,silhouette,observed,drift_median,drift_lo,drift_hi,above_interval,shortfall,reach_rate,n
2,16.64793672960957,11,0.5331225503380587,0.006239544975844699,0.00205470068993062,0.00020922725896156566,0.010813956713223775,False,3.0367172242762943,0.11666666666666667,300
3,12.50399622598706,9,0.5238318093709041,0.015590395655530265,0.0036047557040324563,0.0006480578529612681,0.013171065019076899,True,4.32495207319877,0.013333333333333334,300
4,10.345425863412855,5,0.4884013932088946,0.01864994085812078,0.004008317248057594,0.0010788942526852568,0.013496452785060295,True,4.65281056961208,0.006666666666666667,300
5,9.050731203459373,4,0.5031376905208498,0.030720474572387368,0.004586898989842152,0.0014701291027638581,0.014841266076825265,True,6.697438648729552,0.0,300
6,7.790938687779146,4,0.4245306271206161,0.030958859123484853,0.0050465959533320965,0.001710693897835782,0.015741184181851577,True,6.1346022962356965,0.0,300
7,7.145389559238741,2,0.45009250298722747,0.03277141115267207,0.00550949115220376,0.0019385387130376047,0.01601937086060855,True,5.948173841710177,0.0,300
8,6.332340377677573,1,0.4416984400965663,0.038390310389531036,0.00573804297987447,0.002153835693130688,0.016470083540910535,True,6.690488468660946,0.0,300
9,5.813745404765503,1,0.46139948666759345,0.046052730972787545,0.00618597407487868,0.0023955587106557446,0.016352527041089495,True,7.4447015805979975,0.0,300
10,5.227133411444797,1,0.4904680699182613,0.05075286918838812,0.0065931961533460745,0.0026701718335777514,0.017185548939302468,True,7.697764181129485,0.0,300
11,4.658556311279128,1,0.46804835707197107,0.04641313122932833,0.007188195957338063,0.003026022751393574,0.01744532238898284,True,6.456853917838388,0.0,300
12,4.198415089142261,1,0.43844690792411267,0.05212913852648405,0.0076185892346560865,0.003192328756144276,0.018421473795302405,True,6.842361088238567,0.0,300
