number,name,phase,by_nearest,flag_close,decorated,plain,lat,lon,km_to_analyzed,km_to_other_phase,Parkin_Punctated,Barton/Kent/MPI,Painted,Fortune_Noded,Ranch_Incised,Walls_Engraved,Wallace_Incised,Rhodes_Incised,Vernon_Paul_Applique,Hull_Engraved
14-O-2,Owens,Kent,False,False,141,513,34.623837854970624,-90.41329368972758,17.481926263131975,38.29504043680309,18,66,53,0,1,2,0,1,0,0
14-N-1,Moore,Kent,False,False,78,218,34.626284035870576,-90.63494282237767,14.535718016250707,39.18294329130548,17,18,43,0,0,0,0,0,0,0
12-P-2,Shelby Place,Walls,False,False,62,419,35.06530896772061,-90.13184439664548,9.89484217330672,28.636505057943452,30,13,5,1,1,4,0,5,1,2
14-O-8,Dundee,Kent,True,False,61,560,34.522783727569106,-90.46062338109213,29.432543406756846,50.19762681088169,6,50,5,0,0,0,0,0,0,0
12-O-2,Pouncey,Walls,False,False,60,379,35.025032420023,-90.35863208486954,11.743054718028462,11.743054718028462,40,17,0,0,0,2,0,0,0,1
14-O-10,West,Kent,True,False,57,201,34.54789906377484,-90.4731960986232,26.598636498450553,48.34823144564702,4,37,12,0,0,2,0,0,0,2
14-O-4,Perry,Kent,False,False,50,271,34.73750373263785,-90.41030021835972,5.722839319015598,27.988737432281003,11,26,12,1,0,0,0,0,0,0
13-P-7,Norfolk,Walls,False,False,49,373,34.94274446316356,-90.24162531547714,2.8181240635786504,14.05397952162411,18,14,5,0,6,5,0,1,0,0
12-N-2,Manly,Parkin,False,False,38,208,35.04718312336167,-90.71702031607677,8.30393445999266,18.42928768334767,27,0,10,1,0,0,0,0,0,0
13-N-14,Connor,Kent,False,False,38,453,34.85963489069318,-90.6856436817385,4.017573824560022,13.11467775731382,27,0,11,0,0,0,0,0,0,0
13-O-6,New Bethel,Kent,False,False,35,446,34.96822349879695,-90.48936983785967,4.255819479174043,17.2396176736844,6,25,3,0,0,0,0,0,0,1
13-P-4,Dogwood,Walls,False,True,32,238,34.92672855821164,-90.15691527749618,0.982029380658281,21.633624699035096,15,3,6,0,2,3,0,3,0,0
13-O-1,Barrett,Kent,False,False,29,297,34.899124568130176,-90.45676873725274,5.936125712995549,21.993957231063437,4,15,10,0,0,0,0,0,0,0
11-O-8,Richard's Place Bridge,Parkin,False,False,28,116,35.34074262678457,-90.44348127620441,6.492289290656857,34.50633816851556,14,10,2,0,2,0,0,0,0,0
12-O-1,Turner,Walls,False,False,26,429,35.09803791137611,-90.30907249877295,6.732344829965339,19.06016893556704,1,23,2,0,0,0,0,0,0,0
12-N-12,Widener Cemetery,Parkin,False,False,23,88,35.018769589866466,-90.67816386700423,4.562237775276935,13.806764056632364,15,2,6,0,0,0,0,0,0,0
12-N-5,Welshans,Parkin,False,False,22,510,35.228315595522176,-90.6616377315286,4.744467009721141,29.379850126969885,5,9,8,0,0,0,0,0,0,0
13-P-6,Cheatham,Walls,False,False,19,105,34.96638217432256,-90.17669972082507,3.683043032913704,20.388180734889175,8,4,4,0,1,1,0,1,0,0
14-O-13,Canon,Kent,True,False,16,51,34.55930468581883,-90.27112355263144,25.867563339418385,40.63194265108242,1,11,4,0,0,0,0,0,0,0
14-O-3,Beaverdam,Kent,False,False,15,68,34.627932602605256,-90.39560847369374,16.74262368601588,37.0966379789134,2,8,5,0,0,0,0,0,0,0
13-N-12,Murdock,Kent,False,True,14,45,34.80593803636054,-90.53679775484687,0.6962118046660426,23.003249994796683,7,3,3,0,0,0,0,1,0,0
13-P-5,Shannon,Walls,False,False,13,86,34.88417689465745,-90.22681584517208,4.733240577515049,15.595306979836405,2,3,1,0,7,0,0,0,0,0
13-P-9,Withers,Walls,False,False,12,12,34.9020138034948,-90.19885189237036,2.077063334893962,17.868661822189104,0,1,11,0,0,0,0,0,0,0
13-N-6,Jerusalem Church,Kent,False,False,11,63,34.824977316320776,-90.5287969521225,1.6741061978866438,21.736102040779443,4,5,1,0,0,0,0,0,1,0
13-N-13,Rawlinson,Kent,False,False,8,69,34.925065537043146,-90.57472375554413,5.122930041562596,11.075922515343217,1,5,2,0,0,0,0,0,0,0
11-O-9,Gilliland,Parkin,False,False,8,2,35.365997342044935,-90.39444192431267,1.516485116871043,34.85564612613731,8,0,0,0,0,0,0,0,0,0
14-O-1,Evansville,Kent,False,False,8,58,34.639068430919096,-90.3936241108696,15.493639556671493,35.9287062154726,1,3,4,0,0,0,0,0,0,0
13-O-12,Indian Creek,Kent,False,False,7,65,34.76226157641783,-90.35847154888788,2.019268266533439,22.785503451933963,0,6,1,0,0,0,0,0,0,0
13-O-4,Nickey,Kent,True,False,7,512,34.97088030130016,-90.40146068707088,5.34093090245094,16.712902369127267,1,5,1,0,0,0,0,0,0,0
12-O-6,Brackinseed Place (Brackenseik),Walls,False,False,7,76,35.04999089773551,-90.26465716783528,3.980792344405007,18.346854971155537,1,4,0,1,0,1,0,0,0,0
13-N-10,Taylor,Kent,False,False,7,5,34.811828735116244,-90.50735126143937,2.173804376978369,24.110239592110286,0,2,5,0,0,0,0,0,0,0
12-N-13,Parks,Parkin,True,False,6,211,35.10669909877211,-90.56063131110929,12.430593220705877,13.053181938648647,0,5,1,0,0,0,0,0,0,0
13-N-18,Lakeside,Kent,True,False,6,229,34.9714947962612,-90.61124789635957,6.113930354395683,6.113930354395683,3,0,3,0,0,0,0,0,0,0
13-N-1,Sudan Cemetery,Kent,False,False,5,19,34.824215611326146,-90.66653059832244,7.8816123401157165,17.055912111277056,3,2,0,0,0,0,0,0,0,0
11-N-3,Roberts,Parkin,False,False,4,50,35.2953323938888,-90.5232605289609,3.671036048570355,32.23759306250633,3,1,0,0,0,0,0,0,0,0
13-N-17,Greer,Kent,False,False,3,13,34.75942534106464,-90.6725838109361,5.159555400481712,24.21831368466877,2,1,0,0,0,0,0,0,0,0
12-O-4,Davis Place,Kent,True,False,3,6,35.02805983990586,-90.43670251945602,5.080383501795857,18.906979762083164,0,0,3,0,0,0,0,0,0,0
14-N-6,Helena Crossing,Kent,True,False,3,7,34.50436238450287,-90.60362172114694,27.98780735760598,52.951502382368446,0,0,3,0,0,0,0,0,0,0
14-O-11,Kendall Mound,Kent,False,False,3,24,34.72175332118613,-90.27114261928759,11.013777960780248,23.01704771689385,0,3,0,0,0,0,0,0,0,0
11-N-10,Cross Country Club,Parkin,False,False,2,52,35.26331859029496,-90.68173485577972,7.15239180994284,33.63747303841314,2,0,0,0,0,0,0,0,0,0
13-O-3,Huber,Kent,False,False,2,11,34.94892060287081,-90.44559646052332,5.54683728291995,20.740371609256673,0,0,1,0,0,1,0,0,0,0
14-N-2,Steagall,Kent,False,False,2,36,34.63072121344332,-90.62482634128371,13.964888303259535,38.79793697195709,1,1,0,0,0,0,0,0,0,0
11-N-2,Rogers,Parkin,False,False,2,33,35.28605083854163,-90.53222845968992,2.433698965341793,31.313573823173634,2,0,0,0,0,0,0,0,0,0
11-O-11,Prosperity,Parkin,False,False,2,6,35.35123434203203,-90.39535655130996,3.1325095882155494,33.40100990369856,2,0,0,0,0,0,0,0,0,0
11-O-7,Lewis,Parkin,False,False,2,204,35.32180802239942,-90.46119130243248,5.896677334150481,33.70153132518867,0,1,1,0,0,0,0,0,0,0
11-N-11,Delta,Parkin,False,False,2,87,35.31462412156918,-90.58568895309382,1.1499855993598032,35.38783753246015,0,1,1,0,0,0,0,0,0,0
12-O-3,Thompson Lake,Kent,True,False,1,4,35.014831274284504,-90.42075689664901,6.007905558830236,18.052256808624055,0,1,0,0,0,0,0,0,0,0
12-N-7,Lansing,Parkin,False,False,1,9,35.16970538047872,-90.58284697908024,7.798668082204541,20.163009498895416,0,1,0,0,0,0,0,0,0,0
13-N-9,Red Oak,Kent,False,False,1,14,34.77112309123245,-90.6174108898946,1.6379005407664398,23.57138456397565,0,0,1,0,0,0,0,0,0,0
13-O-9,Collins,Walls,True,False,1,45,34.99721992962111,-90.39808633763775,8.07180736890272,8.07180736890272,0,0,0,0,1,0,0,0,0,0
11-N-8,Williams,Parkin,False,False,1,53,35.32038987735554,-90.58551748030527,1.7565191628586005,36.00247170317291,1,0,0,0,0,0,0,0,0,0
11-O-1,Pittman,Parkin,False,True,1,28,35.464399367394364,-90.46930877955381,0.9975721555549071,47.63191501080518,0,1,0,0,0,0,0,0,0,0
13-N-8,Findley,Kent,False,False,1,20,34.82813480487535,-90.52891029092315,2.021352383860849,21.4574250351414,1,0,0,0,0,0,0,0,0,0
13-N-3,Mound Cemetery,Kent,False,False,1,24,34.87210348578206,-90.54554431402255,1.4469364854927513,16.82823143410401,1,0,0,0,0,0,0,0,0,0
13-N-19,Riverside,Parkin,False,False,1,91,34.956068325948515,-90.68040531530332,2.40713392825749,9.642761392348095,0,0,1,0,0,0,0,0,0,0
11-O-5,Emory,Parkin,False,False,1,21,35.435402313847106,-90.41533513747432,6.16363427155191,42.68722606231777,1,0,0,0,0,0,0,0,0,0
