name,Barton_Ranch,Beck,Belle_Meade,Big_Eddy,Castile_Landing,Clay_Hill,Commerce,Cramor_Place,Cummins,Davis,Fortune,Grant,Holden_Lake,Hollywood,Irby,Kent_Place,Lake_Cormorant,Mound_Place,Neeleys_Ferry,Nickel,Parkin,Rose_Mound,Starkley,Turnbow,Vernon_Paul,Walls,Williamson,Woodlyn
Barton_Ranch,0,214.96406753407376,171.05245834374989,92.184386731598892,111.62037109195953,127.30219155357456,207.96905560883741,156.25089417580369,88.898845737563292,148.91515386925133,72.55914333229282,151.60312163436069,192.50484428963736,212.55752194443463,231.28998519233673,199.11344539195878,227.29379572216334,251.64855417524058,53.292953440698803,147.64616770614649,38.036682380128092,50.253893401416931,161.66576644773824,77.366990736001497,52.542956971804045,247.54073317153043,40.432367299147636,228.3462999354031
Beck,214.96406753407376,0,147.44257694601743,124.49261511790716,105.27026741415001,90.899441342637175,13.214571560855108,132.64101277807126,230.90552564012751,113.50142765266078,214.56582323485713,77.290059836078242,168.89496289190487,17.803037896452313,29.7115321981241,25.835891269856091,25.715342727950716,50.070101181028008,195.29963334326311,124.03628630841405,177.59932158100105,165.9764003422921,87.49588023364629,219.37367063856578,194.54963687436836,45.962280177317915,182.43904720171199,26.767846941190498
Belle_Meade,171.05245834374989,147.44257694601743,0,80.581005927583334,60.113112142783699,77.040478685441173,140.44756502078107,16.438614414910177,186.99391644980369,48.604620284030709,170.65421404453332,72.625652403616058,77.408351785846349,145.03603135637829,163.76849460428039,131.59195480390252,159.772305134107,184.12706358718424,151.38802415293929,25.198406492493366,133.68771239067723,122.06479115196819,61.355232862517639,175.46206144824197,150.63802768404452,180.01924258347412,138.52743801138814,160.82480934734679
Big_Eddy,92.184386731598863,124.49261511790718,80.581005927583291,0,21.148918675792984,36.830739137407996,117.49760319267082,65.779441759637152,108.12584483765279,58.443701453084714,91.786142432382334,61.131669218194155,102.0333918734709,122.08606952826803,140.8185327761702,108.64199297579226,136.82234330599681,161.17710175907405,72.51995254078831,57.174715289979964,54.819640778526193,43.196719539817167,71.194314031571665,96.593989836090998,71.769956071893517,157.06928075536393,59.659366399237101,137.8748475192366
Castile_Landing,111.62037109195954,105.27026741415,60.113112142783699,21.148918675792988,0,17.608391433650841,98.275255488913658,45.311547974837538,127.56182919801348,37.975807668285093,111.22212679274301,41.909321514437011,81.565498088671333,102.86372182451085,121.59618507241304,89.419645272035098,117.59999560223964,141.95475405531704,91.955936901149002,36.706821505180343,74.25562513888687,62.632703900177859,50.726420246772022,116.02997419645169,91.205940432254224,137.8469330516069,79.095350759597764,118.65249981547944
Clay_Hill,127.30219155357454,90.899441342637161,77.040478685441144,36.830739137407996,17.608391433650837,0,83.904429417400806,62.238914517495012,143.24364965962846,54.903174210942574,126.90394725435803,27.538495442924152,98.492864631328743,88.49289575299801,107.2253590009002,75.048819200522232,103.22916953072681,127.58392798380414,107.63775736276401,53.634188047837817,89.937445600501874,78.314524361792834,37.744315840492192,131.71179465806671,106.88776089386923,123.47610698009406,94.777171221212754,104.28167374396661
Commerce,207.96905560883735,13.214571560855108,140.4475650207811,117.49760319267081,98.275255488913672,83.90442941740082,0,125.64600085283494,223.9105137148911,106.50641572742447,207.57081130962075,70.295047910841916,161.89995096666857,10.808025971215955,29.540489219118115,18.840879344619729,25.544299748944731,49.899058202022026,188.3046214180267,117.04127438317774,170.60430965576464,158.98138841705568,80.500868308409949,212.37865871332937,187.55462494913195,45.791237198311933,175.44403527647557,26.596803962184516
Cramor_Place,156.25089417580375,132.64101277807129,16.438614414910177,65.779441759637166,45.311547974837509,62.23891451749499,125.64600085283494,0,172.19235228185755,33.803056116084527,155.85264987658718,57.824088235669876,62.606787617900189,130.23446718843215,148.96693043633425,116.79039063595637,144.97074096616086,169.3254994192381,136.58645998499316,10.396842324547192,118.88614822273107,107.26322698402203,46.553668694571456,160.66049728029583,135.83646351609838,165.21767841552798,123.72587384344195,146.02324517940065
Cummins,88.898845737563207,230.90552564012748,186.99391644980366,108.12584483765269,127.56182919801336,143.24364965962835,223.91051371489112,172.19235228185747,0,164.85661197530507,16.500355160013559,167.54457974041446,208.44630239569113,228.49898005048831,247.23144329839045,215.05490349801252,243.23525382821708,267.59001228129426,36.139458650947091,163.58762581220026,53.9781404861819,66.195351507470718,177.60722455379201,12.969249091073911,37.487584918407087,263.48219127758415,49.633439462372301,244.28775804145684
Davis,148.91515386925138,113.50142765266081,48.604620284030695,58.443701453084735,37.975807668285078,54.903174210942559,106.50641572742447,33.803056116084527,164.85661197530519,0,148.51690957003481,38.684503110259413,70.057006229918315,111.09488206302167,129.82734531092385,97.650805510545879,125.83115584075047,150.18591429382778,129.25071967844079,25.198329646427325,111.55040791617867,99.927486677469631,27.414083569160994,153.32475697374346,128.50072320954601,146.07809329011766,116.39013353688954,126.88366005399025
Fortune,72.559143332292848,214.56582323485719,170.65421404453332,91.786142432382334,111.22212679274297,126.903947254358,207.57081130962086,155.85264987658712,16.500355160013555,148.51690957003473,0,151.20487733514415,192.10659999042079,212.15927764521808,230.89174089312019,198.71520109274223,226.8955514229468,251.25030987602403,19.799756245676708,147.24792340692991,37.638438080911541,49.855649102200374,161.26752214852166,4.9685001584518238,21.147882513136707,247.14248887231389,33.293737057101936,227.94805563618655
Grant,151.6031216343608,77.290059836078242,72.625652403616044,61.131669218194169,41.909321514436996,27.538495442924159,70.295047910841902,57.824088235669883,167.54457974041458,38.684503110259406,151.2048773351442,0,94.078038349503657,74.883514246439091,93.61597749434128,61.439437693963342,89.619788024167889,113.97454647724524,131.93868744355018,49.219361766012689,114.23837568128806,102.61545444257902,12.678955691244925,156.01272473885285,131.18869097465543,109.86672547353514,119.07810130199894,90.672292237407689
Holden_Lake,192.50484428963745,168.89496289190495,77.408351785846293,102.03339187347089,81.565498088671276,98.492864631328771,161.8999509666686,62.606787617900139,208.44630239569119,70.057006229918272,192.10659999042082,94.078038349503601,0,166.48841730226582,185.22088055016792,153.04434074979,181.22469107999456,205.57944953307177,172.84041009882679,54.002061148242944,155.14009833656473,143.51717709785578,82.807618808405209,196.91444739412947,172.09041362993204,201.47162852936165,159.97982395727567,182.27719529323431
Hollywood,212.55752194443454,17.803037896452313,145.03603135637829,122.08606952826801,102.86372182451086,88.492895752998024,10.808025971215955,130.23446718843215,228.49898005048831,111.09488206302166,212.15927764521791,74.883514246439105,166.48841730226579,0,34.128955554715311,23.42934568021694,30.132766084541935,54.48752453761923,192.89308775362389,121.62974071877494,175.19277599136183,163.5698547526529,85.089334644007153,216.96712504892656,192.14309128472917,50.379703533909137,180.03250161207279,31.18527029778172
Irby,231.28998519233679,29.711532198124097,163.76849460428039,140.81853277617017,121.59618507241299,107.22535900090016,29.540489219118118,148.9669304363342,247.23144329839053,129.82734531092373,230.89174089312019,93.615977494341195,185.22088055016781,34.128955554715318,0,42.161808928119093,12.173728154883086,36.528486607960382,211.62555100152616,140.36220396667699,193.92523923926407,182.30231800055512,103.82179789190923,235.69958829682881,210.87555453263138,32.420665604250289,198.76496485997501,13.226232368122872
Kent_Place,199.11344539195872,25.835891269856091,131.59195480390255,108.64199297579219,89.419645272035055,75.048819200522217,18.840879344619736,116.79039063595638,215.05490349801249,97.650805510545908,198.71520109274212,61.439437693963349,153.04434074979011,23.429345680216944,42.161808928119093,0,38.165619457945716,62.520377911023004,179.4490112011481,108.18566416629918,161.74869943888601,150.12577820017708,71.645258091531403,203.52304849645077,178.69901473225332,58.412556907312911,166.58842505959694,39.218123671185488
Lake_Cormorant,227.2937957221634,25.715342727950716,159.772305134107,136.82234330599678,117.5999956022396,103.22916953072676,25.544299748944734,144.9707409661608,243.23525382821717,125.83115584075034,226.8955514229468,89.619788024167804,181.22469107999444,30.132766084541938,12.173728154883086,38.165619457945709,0,32.532297137786998,207.62936153135277,136.3660144965036,189.92904976909068,178.30612853038176,99.825608421735851,231.70339882665544,206.87936506245799,28.424476134076905,194.76877538980162,9.23004289794949
Mound_Place,251.64855417524072,50.070101181028008,184.12706358718427,161.17710175907411,141.95475405531695,127.58392798380407,49.899058202022026,169.32549941923807,267.59001228129443,150.18591429382761,251.25030987602412,113.97454647724513,205.57944953307174,54.48752453761923,36.528486607960382,62.520377911023019,32.532297137786998,0,231.98411998443009,160.72077294958086,214.28380822216801,202.66088698345905,124.18036687481316,256.05815727973277,231.23412351553532,15.739254786302888,219.12353384287894,30.264091013773278
Neeleys_Ferry,53.292953440698838,195.29963334326314,151.38802415293932,72.519952540788339,91.955936901148974,107.63775736276401,188.30462141802681,136.58645998499313,36.139458650947084,129.2507196784407,19.799756245676704,131.93868744355015,172.84041009882679,192.893087753624,211.62555100152613,179.44901120114818,207.62936153135274,231.98411998442998,0,127.98173351533597,18.372248189317506,30.58945921060635,142.00133225692767,24.607603649385368,1.8816926215426797,227.87629898071984,14.027547165507913,208.6818657445925
Nickel,147.64616770614666,124.03628630841411,25.198406492493369,57.174715289979979,36.706821505180322,53.634188047837803,117.04127438317775,10.39684232454719,163.5876258122004,25.198329646427329,147.24792340693003,49.219361766012675,54.002061148242966,121.62974071877495,140.3622039666771,108.18566416629919,136.36601449650371,160.72077294958095,127.98173351533603,0,110.2814217530739,98.65850051436486,37.948942224914255,152.05577081063868,127.23173704644125,156.61295194587083,115.12114737378478,137.41851870974349
Parkin,38.036682380128084,177.59932158100105,133.68771239067721,54.819640778526193,74.255625138886856,89.937445600501889,170.60430965576469,118.88614822273107,53.978140486181914,111.55040791617861,37.638438080911534,114.23837568128803,155.14009833656473,175.19277599136188,193.92523923926402,161.74869943888606,189.92904976909062,214.28380822216786,18.372248189317506,110.28142175307386,0,12.889147448344248,124.30102049466555,42.446285484620191,17.622251720422742,210.17598721845775,5.5116620477663085,190.98155398233041
Rose_Mound,50.253893401416953,165.97640034229207,122.06479115196822,43.196719539817181,62.632703900177894,78.314524361792891,158.98138841705571,107.26322698402208,66.195351507470775,99.927486677469631,49.855649102200381,102.61545444257905,143.51717709785578,163.56985475265293,182.30231800055503,150.12577820017711,178.30612853038164,202.66088698345888,30.589459210606343,98.658500514364874,12.889147448344245,0,112.67809925595658,54.663496505909038,29.839462741711579,198.55306597974877,17.728873069055155,179.35863274362143
Starkley,161.66576644773824,87.495880233646318,61.355232862517624,71.194314031571651,50.726420246772001,37.744315840492199,80.500868308409963,46.553668694571464,177.60722455379198,27.414083569160994,161.26752214852161,12.678955691244925,82.807618808405252,85.089334644007167,103.82179789190934,71.645258091531403,99.825608421735964,124.18036687481329,142.00133225692758,37.948942224914269,124.30102049466554,112.67809925595651,0,166.07536955223026,141.25133578803283,120.07254587110322,129.14074611537643,100.87811263497575
Turnbow,77.366990736001526,219.37367063856584,175.462061448242,96.593989836090998,116.02997419645166,131.71179465806671,212.37865871332949,160.6604972802958,12.969249091073914,153.3247569737434,4.9685001584518238,156.0127247388528,196.91444739412947,216.96712504892668,235.69958829682881,203.52304849645088,231.70339882665544,256.05815727973265,24.607603649385368,152.05577081063859,42.446285484620198,54.663496505909031,166.07536955223034,0,25.955729916845367,251.95033627602254,38.101584460810592,232.7559030398952
Vernon_Paul,52.542956971804074,194.54963687436842,150.63802768404454,71.769956071893546,91.205940432254195,106.88776089386923,187.55462494913206,135.83646351609835,37.48758491840708,128.50072320954595,21.147882513136704,131.18869097465537,172.09041362993204,192.14309128472925,210.87555453263138,178.69901473225346,206.87936506245799,231.23412351553523,1.8816926215426797,127.2317370464412,17.622251720422739,29.839462741711586,141.25133578803292,25.955729916845367,0,227.12630251182512,13.277550696613144,207.93186927569778
Walls,247.54073317153063,45.962280177317908,180.01924258347424,157.06928075536402,137.84693305160684,123.47610698009397,45.791237198311926,165.21767841552804,263.48219127758438,146.07809329011758,247.142488872314,109.86672547353503,201.47162852936171,50.379703533909129,32.420665604250289,58.412556907312918,28.424476134076908,15.739254786302888,227.87629898071998,156.61295194587083,210.17598721845792,198.55306597974896,120.07254587110306,251.95033627602265,227.12630251182523,0,215.01571283916886,26.156270010063189
Williamson,40.432367299147607,182.43904720171199,138.52743801138811,59.659366399237094,79.095350759597764,94.777171221212797,175.44403527647563,123.72587384344196,49.633439462372316,116.39013353688951,33.293737057101929,119.07810130199893,159.97982395727561,180.03250161207282,198.76496485997495,166.588425059597,194.76877538980156,219.1235338428788,14.027547165507912,115.12114737378475,5.5116620477663085,17.728873069055162,129.14074611537646,38.101584460810585,13.277550696613142,215.01571283916866,0,195.82127960304132
Woodlyn,228.34629993540318,26.767846941190498,160.82480934734681,137.8748475192366,118.6524998154794,104.28167374396656,26.596803962184516,146.02324517940062,244.28775804145695,126.88366005399014,227.94805563618658,90.672292237407603,182.27719529323426,31.18527029778172,13.22623236812287,39.218123671185495,9.23004289794949,30.264091013773278,208.68186574459256,137.41851870974341,190.9815539823305,179.35863274362154,100.87811263497564,232.75590303989523,207.93186927569781,26.156270010063185,195.8212796030414,0
