name,latitude,longitude,phase,seriation_order,Parkin_Punctated,Barton/Kent/MPI,Painted,Fortune_Noded,Ranch_Incised,Walls_Engraved,Wallace_Incised,Rhodes_Incised,Vernon_Paul_Applique,Hull_Engraved
Barton_Ranch,35.37905101453918,-90.38950958389492,Parkin,0.9259259259259258,404,208,6,16,4,0,0,0,0,0
Beck,34.912472,-90.393889,Kent,0.6666666666666666,590,498,67,10,21,19,12,8,7,1
Belle_Meade,34.923194,-90.393556,Kent,0.7777777777777777,923,637,42,12,33,27,15,13,5,2
Big_Eddy,35.12,-90.696,Parkin,0.037037037037037035,48,77,102,1,0,0,0,1,0,0
Castile_Landing,34.977653907636444,-90.67777026118033,Parkin,0.37037037037037035,426,69,105,4,4,0,1,4,1,0
Clay_Hill,34.877,-90.72419516,Kent,0.2222222222222222,70,50,59,0,0,2,0,0,0,0
Commerce,34.817964552827135,-90.3823585175812,Kent,0.3333333333333333,35,65,24,0,0,2,0,1,0,1
Cramor_Place,35.00646066381877,-90.48576921266888,Kent,0.5185185185185185,204,156,42,7,8,4,2,1,0,0
Cummins,35.458177,-90.477238,Parkin,1.0,206,48,2,0,3,0,0,0,2,0
Davis,34.86198524032321,-90.53556442590853,Kent,0.14814814814814814,35,11,33,0,0,0,0,0,0,0
Fortune,35.41541061749942,-90.54579622520657,Parkin,0.8888888888888888,143,54,3,0,0,0,0,0,0,0
Grant,34.756387,-90.61636,Kent,0.0,11,28,52,0,2,0,0,0,0,0
Holden_Lake,35.24225193,-90.42405464,Parkin,0.7037037037037037,27,294,7,24,2,0,2,1,3,0
Hollywood,34.7774004656578,-90.37070572457603,Kent,0.18518518518518517,61,74,79,0,2,8,0,2,0,0
Irby,34.917891499764195,-90.15637766791232,Walls,0.2962962962962963,30,15,12,0,12,12,0,7,2,1
Kent_Place,34.81,-90.531,Kent,0.1111111111111111,71,67,96,0,3,4,0,0,0,0
Lake_Cormorant,34.92070104820151,-90.20008794703433,Walls,0.25925925925925924,83,25,43,0,18,17,0,3,0,3
Mound_Place,35.079,-90.239,Walls,0.48148148148148145,97,37,16,1,7,5,0,5,0,0
Neeleys_Ferry,35.3416692246148,-90.54109867720118,Parkin,0.8148148148148148,764,470,18,5,9,0,0,0,0,0
Nickel,34.9630997394115,-90.542941773621,Kent,0.4444444444444444,728,364,160,9,5,8,14,3,7,2
Parkin,35.276,-90.556,Parkin,0.7407407407407407,865,323,59,17,35,0,0,0,4,0
Rose_Mound,35.236239368405904,-90.61042915127693,Parkin,0.6296296296296295,549,328,77,19,4,0,3,1,2,0
Starkley,34.77056218644275,-90.58438988220594,Kent,0.07407407407407407,42,56,69,0,1,3,0,0,0,0
Turnbow,35.44048427948213,-90.52443737174237,Parkin,0.4074074074074074,20,87,13,7,1,0,0,0,0,0
Vernon_Paul,35.335,-90.524,Parkin,0.8518518518518519,528,198,13,0,19,0,0,0,0,0
Walls,34.986159290214616,-90.20907468641973,Walls,0.5925925925925926,244,40,18,1,16,21,0,14,0,6
Williamson,35.305,-90.581,Parkin,0.9629629629629629,425,214,1,17,0,0,0,0,1,0
Woodlyn,34.96,-90.219,Walls,0.5555555555555556,73,11,6,0,6,6,0,3,0,2
