Site Name,Site Number,Neeley's Ferry Plain,Parkin Punctated,Barton Incised,Ranch Incised,Vernon Paul Applique,Fortune Noded,Manly Punctated,Tyronza Punctated,Bell Plain,Kent Incised,Rhodes Incised,Walls Engraved,Hull Engraved,Mound Place Incised (T),Old Town Red,Carson Red-on-Buff,Nodena Red and White,Avenue Polychrome,Hollywood White Slipped,Wallace Incised,Stokes Bayou Incised,Oliver Incised,Owens Punctated (T),Leland Incised,Blanchard Incised (T),Arcola Incised (T),Sherd Total
Carson Lake,10-P-1,2753,39,57,0,0,0,0,0,577,4,0,0,6,1,22,0,0,24,0,0,0,0,6,0,0,0,3489
Bell,10-P-2,211,0,6,0,0,0,1,0,117,2,0,0,0,0,5,0,0,0,0,0,0,0,0,0,0,0,342
Nettle Ridge,10-P-3,155,9,1,0,0,1,0,0,137,0,0,0,0,0,0,0,0,0,0,0,0,0,0,0,0,0,303
Notgrass,10-P-4,2580,10,6,2,0,3,2,0,552,4,0,3,0,0,6,9,0,4,0,0,0,0,1,0,0,0,3182
Upper Nodena,10-Q-1,1299,5,3,3,1,0,0,0,1675,2,1,3,0,0,25,0,0,4,0,0,0,0,0,0,0,0,3021
Turnage,10-Q-3,58,0,1,0,0,0,0,0,115,0,0,0,0,0,1,0,0,0,0,0,0,0,0,0,0,0,175
Parkin,11-N-1,5468,865,311,35,4,17,0,0,80,12,0,0,0,0,53,0,0,6,0,0,0,0,0,0,0,0,6851
Cross Country Club,11-N-10,52,2,0,0,0,0,0,0,0,0,0,0,0,0,0,0,0,0,0,0,0,0,0,0,0,0,54
Delta,11-N-11,87,0,1,0,0,0,0,0,0,0,0,0,0,0,1,0,0,0,0,0,0,0,0,0,0,0,89
Turnbow,11-N-12,2913,20,87,1,0,7,0,0,10,0,0,0,0,0,12,0,0,1,0,0,0,0,1,0,0,0,3052
Williamson,11-N-13,4237,425,212,0,1,17,0,0,12,2,0,0,0,0,1,12,0,0,0,0,0,0,0,0,0,0,4919
Twist Plantation No. 1,11-N-14,7,0,0,0,0,0,0,0,0,0,0,0,0,0,0,0,0,0,0,0,0,0,0,0,0,0,7
Fortune,11-N-15,485,143,53,0,0,0,0,0,0,0,0,0,0,1,3,0,0,0,0,0,0,0,0,0,0,0,685
Twist No. 2,11-N-16,102,0,0,0,0,0,0,0,1,0,0,0,0,0,0,0,0,0,0,0,0,0,0,0,0,0,103
Rogers,11-N-2,33,2,0,0,0,0,0,0,0,0,0,0,0,0,0,0,0,0,0,0,0,0,0,0,0,0,35
Roberts,11-N-3,50,3,1,0,0,0,0,0,0,0,0,0,0,0,0,0,0,0,0,0,0,0,0,0,0,0,54
Neeley's Ferry,11-N-4,5992,760,466,9,0,5,4,3,2,4,0,0,0,0,14,0,0,4,0,0,0,0,0,0,0,0,7263
White Place,11-N-5,6,0,0,0,0,0,0,0,0,0,0,0,0,0,0,0,0,0,0,0,0,0,0,0,0,0,6
Block Mounds,11-N-6,134,0,0,0,0,0,0,0,1,0,0,0,0,0,0,0,0,0,0,0,0,0,0,0,0,0,135
Harold,11-N-7,35,0,0,0,0,0,0,0,0,0,0,0,0,0,0,0,0,0,0,0,0,0,0,0,0,0,35
Williams,11-N-8,53,1,0,0,0,0,0,0,0,0,0,0,0,0,0,0,0,0,0,0,0,0,0,0,0,0,54
Vernon Paul,11-N-9,1807,528,191,19,0,0,0,0,2,7,0,0,0,0,13,0,0,0,0,0,0,0,0,0,0,0,2567
Pittman,11-O-1,25,0,1,0,0,0,0,0,3,0,0,0,0,0,0,1,0,0,0,0,0,0,0,0,0,0,30
Barton Ranch,11-O-10,4056,395,207,4,0,16,9,0,8,0,0,0,0,1,6,0,0,0,0,0,0,0,0,0,0,0,4702
Prosperity,11-O-11,6,2,0,0,0,0,0,0,0,0,0,0,0,0,0,0,0,0,0,0,0,0,0,0,0,0,8
Webster Cemetery,11-O-2,15,0,0,0,0,0,0,0,0,0,0,0,0,0,0,0,0,0,0,0,0,0,0,0,0,0,15
Cummins,11-O-4,443,206,45,3,2,0,0,0,9,3,0,0,0,0,2,0,0,0,0,0,0,0,0,0,0,0,713
Emory,11-O-5,17,1,0,0,0,0,0,0,4,0,0,0,0,0,0,0,0,0,0,0,0,0,0,0,0,0,22
Pinkston,11-O-6,22,0,0,0,0,0,0,0,0,0,0,0,0,0,0,0,0,0,0,0,0,0,0,0,0,0,22
Lewis,11-O-7,204,0,1,0,0,0,0,0,0,0,0,0,0,0,1,0,0,0,0,0,0,0,0,0,0,0,206
Richard's Place Bridge,11-O-8,115,14,10,2,0,0,0,0,1,0,0,0,0,0,2,0,0,0,0,0,0,0,0,0,0,0,144
Gilliland,11-O-9,2,8,0,0,0,0,0,0,0,0,0,0,0,0,0,0,0,0,0,0,0,0,0,0,0,0,10
Shawnee Village,11-P-1,47,0,1,0,0,0,0,0,43,0,0,0,0,0,0,0,0,0,0,0,0,0,0,0,0,0,91
Bradley,11-P-2,225,5,1,0,0,0,0,0,222,1,0,0,0,0,2,0,0,1,0,0,0,0,0,0,0,0,457
Golightly,11-P-3,112,0,0,0,0,0,0,0,94,0,0,0,0,0,0,0,0,0,0,0,0,0,0,0,0,0,206
Pacific,11-P-4,2,0,0,0,0,0,0,0,4,0,0,0,0,0,0,0,0,0,0,0,0,0,0,0,0,0,6
DeRossitt's Place,12-N-10,18,0,0,0,0,0,0,0,0,0,0,0,0,0,0,0,0,0,0,0,0,0,0,0,0,0,18
Widener Cemetery,12-N-12,45,15,2,0,0,0,0,0,43,0,0,0,0,0,5,0,0,1,0,0,0,0,0,0,0,0,111
Parks,12-N-13,204,0,5,0,0,0,0,0,7,0,0,0,0,0,1,0,0,0,0,0,0,0,0,0,0,0,217
Parks,12-N-13/D&E,3,1,0,0,0,0,0,0,1,0,0,0,0,0,0,0,0,0,0,0,0,0,0,0,0,0,5
Dent,12-N-16,8,0,0,0,0,0,0,0,0,0,0,0,0,0,0,0,0,0,0,0,0,0,0,0,0,0,8
Manly ,12-N-2,192,27,0,0,0,1,2,0,16,0,0,0,0,0,10,0,0,0,0,0,0,0,0,0,0,0,248
Rose Mound,12-N-3/A&B,1123,154,62,1,1,1,0,0,35,1,0,0,0,0,22,0,0,0,0,0,0,0,0,0,0,0,1400
Rose Mound,12-N-3/C,193,0,1,0,0,0,0,0,2,1,0,0,0,0,1,0,0,0,0,0,0,0,0,0,0,0,198
Big Eddy,12-N-4,486,48,71,0,0,1,0,0,6,6,1,0,0,0,100,0,0,2,0,0,0,0,0,0,0,0,721
Welshans,12-N-5,505,5,9,0,0,0,0,0,5,0,0,0,0,0,8,0,0,0,0,0,0,0,0,0,0,0,532
Westmorland,12-N-6,28,0,0,0,0,0,0,0,3,0,0,0,0,0,0,0,0,0,0,0,0,0,0,0,0,0,31
Lansing,12-N-7,9,0,1,0,0,0,0,0,0,0,0,0,0,0,0,0,0,0,0,0,0,0,0,0,0,0,10
Turner,12-O-1,351,1,19,0,0,0,0,0,78,0,0,0,0,4,1,0,0,1,0,0,0,0,0,0,0,0,455
Pouncey,12-O-2,247,40,11,0,0,0,0,0,132,6,0,2,1,0,0,0,0,0,0,0,0,0,0,0,0,0,439
Pouncey,12-O-2/D,8,0,0,0,0,0,0,0,13,0,0,0,0,0,2,0,0,0,0,0,0,0,0,0,0,0,23
Thompson Lake,12-O-3,1,0,1,0,0,0,0,0,3,0,0,0,0,0,0,0,0,0,0,0,0,0,0,0,0,0,5
Davis Place,12-O-4,6,0,0,0,0,0,0,0,0,0,0,0,0,0,3,0,0,0,0,0,0,0,0,0,0,0,9
Cramor Place,12-O-5,814,91,27,1,0,3,0,0,56,9,0,0,0,0,7,0,0,0,0,0,0,0,0,0,0,0,1008
Brackinseed Place (Brackenseik),12-O-6,30,1,1,0,0,1,0,0,46,3,0,1,0,0,0,0,0,0,0,0,0,0,0,0,0,0,83
Mound Place,12-P-1,1193,97,33,7,0,1,0,0,1817,1,5,5,0,3,14,0,0,2,0,0,0,0,0,0,0,0,3178
Shelby Place,12-P-2,131,30,11,1,1,1,0,0,288,2,5,4,2,0,5,0,0,0,0,0,0,0,0,0,0,0,481
Hughes,13-M-1,4,0,0,0,0,0,0,0,2,0,0,0,0,0,0,0,0,0,0,0,0,0,0,0,0,0,6
Sudan Cemetery,13-N-1,18,3,1,0,0,0,0,0,1,1,0,0,0,0,0,0,0,0,0,0,0,0,0,0,0,0,24
Taylor,13-N-10,3,0,2,0,0,0,0,0,2,0,0,0,0,0,0,0,0,5,0,0,0,0,0,0,0,0,12
Grant Place,13-N-11,373,11,28,2,0,0,0,0,49,0,0,0,0,0,52,0,0,0,0,0,0,0,0,0,0,0,515
Murdock,13-N-12,14,7,3,0,0,0,0,0,31,0,1,0,0,0,3,0,0,0,0,0,0,0,0,0,0,0,59
Murdock,13-N-12/A,23,0,0,0,0,0,0,0,0,0,0,0,0,0,0,0,0,0,0,0,0,0,0,0,0,0,23
Rawlinson,13-N-13,66,1,5,0,0,0,0,0,3,0,0,0,0,0,2,0,0,0,0,0,0,0,0,0,0,0,77
Connor,13-N-14,427,27,0,0,0,0,0,0,26,0,0,0,0,0,11,0,0,0,0,0,0,0,0,0,0,0,491
Nickle,13-N-15/B,78,8,6,0,0,0,0,0,21,1,0,0,0,0,2,0,0,1,0,0,0,0,0,0,0,0,117
Nickle,"13-N-15/C,D,E",514,106,31,0,0,1,0,0,60,3,2,0,0,0,18,0,0,1,0,0,0,0,0,1,0,0,737
Starkley,13-N-16,672,42,46,1,0,0,0,0,75,10,0,3,0,0,67,0,0,2,0,0,0,0,0,0,0,0,918
Greer,13-N-17,10,2,1,0,0,0,0,0,3,0,0,0,0,0,0,0,0,0,0,0,0,0,0,0,0,0,16
Lakeside,13-N-18,206,3,0,0,0,0,0,0,23,0,0,0,0,0,3,0,0,0,0,0,0,0,0,0,0,0,235
Riverside,13-N-19,89,0,0,0,0,0,0,0,2,0,0,0,0,0,1,0,0,0,0,0,0,0,0,0,0,0,92
Castile,13-N-21,1537,268,36,3,1,3,0,0,68,8,4,0,0,1,70,0,0,0,0,0,0,0,0,0,0,0,1999
Mound Cemetery,13-N-3,17,1,0,0,0,0,0,0,7,0,0,0,0,0,0,0,0,0,0,0,0,0,0,0,0,0,25
Kent Place,"13-N-4/B,C,D,E",448,71,45,3,0,0,0,0,337,22,0,4,0,0,80,0,0,16,0,0,0,0,0,0,0,0,1026
Kent Place,13-N-4/C,47,17,17,0,0,0,0,0,7,2,0,0,0,0,0,0,0,1,0,0,0,0,0,0,0,0,91
Davis,13-N-5,313,35,9,0,0,0,0,0,64,2,0,0,0,0,31,0,0,2,0,0,0,0,0,0,0,0,456
Jerusalem Church,13-N-6,35,4,5,0,1,0,0,0,28,0,0,0,0,0,1,0,0,0,0,0,0,0,0,0,0,0,74
Clay Hill,13-N-7,433,70,49,0,0,0,0,0,40,1,0,2,0,0,57,0,0,2,0,0,0,0,0,0,0,0,654
Findley,13-N-8,10,1,0,0,0,0,0,0,10,0,0,0,0,0,0,0,0,0,0,0,0,0,0,0,0,0,21
Red Oak,13-N-9,12,0,0,0,0,0,0,0,2,0,0,0,0,0,1,0,0,0,0,0,0,0,0,0,0,0,15
Barrett,13-O-1,222,4,15,0,0,0,0,1,75,0,0,0,0,0,9,0,1,0,0,0,0,0,0,0,0,0,327
Hollywood,13-O-10,671,61,67,2,0,0,0,1,589,6,2,8,0,0,34,8,21,0,16,0,0,0,0,0,0,0,1486
Commerce,13-O-11,655,35,51,0,0,0,0,0,314,14,1,2,1,0,12,0,0,12,0,0,0,0,0,0,0,0,1097
Indian Creek,13-O-12,32,0,6,0,0,0,0,0,33,0,0,0,0,0,1,1,0,0,0,0,0,0,0,0,0,0,73
Green River Plantation,13-O-2,5,0,0,0,0,0,0,0,2,0,0,0,0,0,0,0,0,0,0,0,0,0,0,0,0,0,7
Huber,13-O-3,11,0,0,0,0,0,0,0,0,0,0,1,0,0,1,0,0,0,0,0,0,0,0,0,0,0,13
Nickey,13-O-4,450,1,5,0,0,0,0,0,62,0,0,0,0,0,1,0,0,0,0,0,0,0,0,0,0,0,519
Belle Meade,13-O-5,370,128,77,3,0,0,0,0,174,32,2,2,0,0,8,0,0,2,0,0,0,0,0,0,0,0,798
New Bethel,13-O-6,431,6,24,0,0,0,0,0,15,1,0,0,1,0,3,0,0,0,0,0,0,0,0,0,0,0,481
Beck,13-O-7,84,32,23,1,0,0,0,0,94,20,0,1,0,0,2,0,0,0,0,0,0,0,0,0,0,0,257
Collins,13-O-9,39,0,0,1,0,0,0,0,6,0,0,0,0,0,0,0,0,0,0,0,0,0,0,0,0,0,46
Walls,13-P-1,627,244,28,16,0,1,0,0,2805,11,14,21,6,1,15,0,0,3,0,0,0,0,1,0,0,0,3793
Irby,13-P-10,125,30,0,12,2,0,0,0,542,15,7,12,1,0,12,0,0,0,0,0,0,0,0,0,0,0,758
Woodlyn,13-P-11,212,73,9,6,0,0,0,0,528,2,3,6,2,0,6,0,0,0,0,0,0,0,0,0,0,0,847
Dogwood,13-P-4,28,15,1,2,0,0,0,0,210,2,3,3,0,0,6,0,0,0,0,0,0,0,0,0,0,2,272
Shannon,13-P-5,56,2,3,7,0,0,0,0,30,0,0,0,0,0,0,0,0,1,0,0,0,0,0,0,0,0,99
Cheatham,13-P-6,25,8,4,1,0,0,0,0,80,0,1,1,0,0,4,0,0,0,0,0,0,0,0,0,0,0,124
Norfolk,13-P-7,58,18,6,6,0,0,0,0,315,8,1,5,0,0,5,0,0,0,0,0,0,0,0,0,0,0,422
L. Cormorant,13-P-8,232,83,16,18,0,0,0,0,506,8,3,17,3,1,37,0,0,6,0,0,0,0,0,0,0,0,930
Withers,13-P-9,11,0,1,0,0,0,0,0,1,0,0,0,0,0,11,0,0,0,0,0,0,0,0,0,0,0,24
Webster's Camp,14-L-1,112,5,0,0,0,0,0,0,3,0,0,0,0,0,1,0,0,0,0,0,0,0,0,0,0,0,121
Bonner,14-M-2,3,1,0,0,0,0,0,0,0,0,0,0,0,0,1,0,0,0,0,0,0,0,0,0,0,0,5
Broom,14-M-3,6,0,0,0,0,0,0,0,0,0,0,0,0,0,0,0,0,0,0,0,0,0,0,0,0,0,6
Moore,14-N-1,199,17,13,0,0,0,0,0,19,5,0,0,0,0,35,0,0,8,0,0,0,0,0,0,0,0,296
Steagall,14-N-2,36,1,1,0,0,0,0,0,0,0,0,0,0,0,0,0,0,0,0,0,0,0,0,0,0,0,38
Helena Crossing,14-N-6,7,0,0,0,0,0,0,0,0,0,0,0,0,0,3,0,0,0,0,0,0,0,0,0,0,0,10
Evansville,14-O-1,43,1,3,0,0,0,0,0,15,0,0,0,0,0,4,0,0,0,0,0,0,0,0,0,0,0,66
West,14-O-10,144,4,37,0,0,0,0,0,57,0,0,2,2,0,9,0,0,3,0,0,0,0,0,0,0,0,258
Kendall Mound,14-O-11,16,0,3,0,0,0,0,0,8,0,0,0,0,0,0,0,0,0,0,0,0,0,0,0,0,0,27
Canon,14-O-13,25,1,11,0,0,0,0,0,26,0,0,0,0,0,0,0,0,4,0,0,0,0,0,0,0,2,69
Owens,14-O-2,369,18,63,1,0,0,0,0,144,3,1,2,0,0,39,0,0,14,0,0,0,0,3,0,0,0,657
Beaverdam,14-O-3,47,2,8,0,0,0,0,0,21,0,0,0,0,0,3,0,0,2,0,0,0,0,0,0,0,0,83
Perry,14-O-4,149,11,24,0,0,1,0,0,122,2,0,0,0,0,11,0,0,1,0,0,0,0,0,0,0,0,321
Dundee,14-O-8,377,6,48,0,0,0,0,0,183,2,0,0,0,0,3,0,0,2,0,0,0,0,0,0,0,0,621
Wilford,15-0-10,71,3,23,0,0,2,0,0,19,0,0,0,0,0,0,0,3,0,1,0,0,0,0,0,0,0,122
D'orr,15-0-12,2,0,2,0,0,0,0,0,0,0,0,0,0,0,1,0,0,0,0,0,0,0,0,0,0,0,5
Allison,15-0-13,34,1,4,0,0,0,0,0,18,0,0,0,0,0,0,0,0,0,0,0,0,0,0,0,0,0,57
Whiting,15-0-15,58,0,3,0,0,0,0,0,6,0,0,0,0,0,0,0,0,0,0,0,0,0,0,0,0,0,67
Tidwell,15-0-16,21,0,1,0,0,0,0,0,0,0,0,0,0,0,0,0,0,0,0,0,0,0,0,0,0,0,22
Moon,15-0-5,8,0,0,0,0,0,0,0,0,0,0,0,0,0,0,0,0,0,0,0,0,0,0,0,0,0,8
Posey,15-0-6,12,0,0,0,0,0,0,0,4,0,0,0,0,1,0,0,0,0,0,0,0,0,0,0,0,0,17
Prowell,15-0-7,12,0,2,0,0,0,0,0,0,0,0,0,0,0,1,0,0,0,0,0,0,0,0,0,0,0,15
Butler,15-L-1,155,0,0,0,0,0,0,1,0,0,0,0,0,0,0,0,0,0,0,0,0,0,0,0,0,0,156
Baytown,15-L-2,58,1,0,0,0,0,0,0,2,0,0,0,0,0,0,0,0,0,0,0,0,0,0,0,0,0,61
Tinsley,15-M-1,398,32,3,0,0,0,0,0,0,1,0,0,0,0,3,0,0,0,0,0,0,0,0,0,0,0,437
Fitzhugh,15-N-1,15,1,1,1,0,0,0,0,0,0,0,0,0,0,1,0,1,0,0,0,0,0,0,0,0,0,20
Dickerson,15-N-10,19,0,1,0,0,0,0,0,8,0,0,0,0,0,0,0,0,0,0,0,0,0,0,0,0,0,28
Ellis,15-N-2,108,6,6,0,0,0,0,0,14,0,0,0,0,0,4,1,0,0,0,0,0,0,0,0,0,0,139
Old Town,15-N-3,437,36,14,0,0,0,0,1,3,0,0,0,0,0,12,2,1,0,0,0,0,0,0,0,0,0,506
Buie,15-N-4,168,10,6,0,0,0,0,0,0,0,0,0,0,0,3,2,2,0,0,0,0,0,0,0,0,0,191
Parchman ,15-N-5,572,5,65,0,0,1,0,0,312,0,0,0,2,0,13,6,10,3,6,0,0,0,2,1,0,0,998
Montgomery,15-N-6,480,26,63,10,0,0,0,4,312,3,0,0,8,0,24,3,6,0,2,0,0,0,2,2,0,0,945
Stovall Mounds,15-N-7,25,1,3,1,0,0,0,12,0,0,0,0,0,0,0,0,1,0,0,0,0,0,0,0,0,0,43
Salomon,15-O-1,888,7,47,2,0,0,0,1,192,0,0,0,8,0,6,0,6,0,5,0,0,0,0,2,0,0,1164
Indian Creek,15-P-3,5,0,1,0,0,0,0,0,0,0,0,0,0,0,0,0,0,0,0,0,0,0,0,0,0,0,6
Corn Lake,15-P-4,11,1,1,0,0,0,0,0,5,0,0,0,0,0,0,0,1,0,0,0,0,0,0,0,0,0,19
Jones,16-K-1,116,0,0,0,0,0,0,0,0,0,0,0,0,0,2,0,0,0,0,8,0,0,0,0,0,0,126
Bitely Place,16-L-1,16,0,0,0,0,0,0,0,0,0,0,0,0,0,1,0,0,0,0,0,0,0,0,0,0,0,17
Bitely,16-L-1,16,0,0,0,0,0,0,0,0,0,0,0,0,0,1,0,0,0,0,0,0,0,0,0,0,0,17
Stovall Mounds,16-L-3,85,0,0,0,0,0,0,0,0,0,0,0,0,0,0,0,0,0,0,0,0,0,0,0,0,0,85
Stovall,16-L-3,85,0,0,0,0,0,0,0,0,0,0,0,0,0,0,0,0,0,0,0,0,0,0,0,0,0,85
Brandenburg,16-L-4-5,119,1,0,0,0,0,0,0,0,0,0,0,0,0,0,0,0,0,0,0,0,0,0,0,0,0,120
Dupree,16-L-6,708,3,6,0,0,0,0,0,0,1,2,0,0,0,43,0,2,0,0,53,0,1,0,0,0,0,819
Avenue,16-M-1,411,3,5,1,0,0,0,0,0,0,0,0,0,0,3,0,0,1,0,1,0,0,1,1,0,0,427
Tomanelli,16-M-2,435,6,13,0,0,0,0,0,5,0,1,0,0,0,3,0,2,0,0,1,13,1,1,0,1,0,482
Yates Bayou,16-M-3,188,1,15,0,0,0,0,0,2,0,0,0,0,0,7,1,1,0,1,0,0,0,0,0,0,0,216
Mt. Olive,16-M-5,370,5,12,0,0,0,0,0,4,0,0,0,0,0,0,0,1,0,0,0,0,0,0,0,0,0,392
Stokes Bayou,16-M-6,2519,5,135,0,0,0,0,1,28,2,9,1,0,3,22,3,14,0,5,0,11,1,1,4,0,0,2764
Acree,16-N-1,33,3,8,0,0,0,0,0,0,0,0,0,0,0,0,0,0,0,1,0,0,0,0,0,0,0,45
Myer,16-N-10,911,24,92,1,0,1,0,0,136,0,6,1,4,0,38,5,7,2,3,0,8,0,2,4,0,0,1245
Hopson Bayou,16-N-11,7,0,3,0,0,0,0,1,1,0,0,0,0,0,0,0,0,0,0,0,0,0,0,0,0,0,12
Black Bayou,16-N-12,7,0,0,0,0,0,0,0,0,0,0,0,0,0,0,0,0,0,0,0,0,0,0,0,0,0,7
Howden Lake,16-N-17,63,0,0,0,0,0,0,0,5,0,0,0,0,0,0,0,0,0,0,0,0,0,0,0,0,0,68
Bobo,16-N-18,6,0,0,0,0,0,0,0,0,0,0,0,0,0,0,0,0,0,0,0,0,0,0,0,0,0,6
Crawford Lake,16-N-19,118,3,2,0,0,0,0,0,0,0,0,0,0,0,1,1,0,0,0,0,0,0,0,0,0,0,125
Alligator,16-N-2,1086,11,30,0,0,0,0,0,6,0,0,0,0,0,33,0,0,0,1,2,3,0,1,2,0,0,1175
Alligator Mounds,16-N-2/B-I,537,6,8,0,0,0,0,0,30,0,0,0,0,0,22,0,0,5,0,0,0,0,0,0,0,0,608
Aderholt,16-N-20,5,0,1,0,0,0,0,0,0,0,0,0,0,0,0,0,0,0,0,0,0,0,0,0,0,0,6
Hopkins,16-N-23,4,1,0,0,0,0,0,0,0,0,0,0,0,0,0,0,0,0,0,0,0,0,0,0,0,0,5
Doadey,16-N-25,6,1,0,0,0,0,0,0,0,0,0,0,0,0,0,0,0,0,0,0,0,0,0,0,0,0,7
Butler,16-N-3/A,29,0,2,0,0,0,0,0,2,0,0,0,0,0,0,0,0,0,0,0,0,0,0,0,0,0,33
Davis,16-N-4,5,0,1,0,0,0,0,0,1,0,0,0,0,0,0,0,0,0,0,0,0,0,0,1,0,0,8
Oliver,16-N-6,467,9,35,0,1,0,0,0,11,1,2,0,0,0,16,0,0,8,0,1,0,0,0,1,0,0,552
Oliver,16-N-6,467,9,35,0,1,0,0,0,11,1,2,0,0,0,16,3,4,0,1,1,1,0,0,0,1,0,553
Bramlett,16-N-7,74,1,9,0,0,0,0,0,7,0,1,0,0,0,2,1,1,0,0,0,0,0,0,0,0,0,96
Mattson,16-N-9,77,0,0,0,0,0,0,0,30,0,0,0,0,0,0,0,0,0,0,0,0,0,0,0,0,0,107
Dunn,16-O-1,24,0,2,0,0,0,0,0,0,0,0,0,0,0,0,0,0,0,0,0,0,0,0,0,0,0,26
Denton,16-O-13,10,0,0,0,0,0,0,0,0,0,0,0,0,0,0,0,0,0,0,0,0,0,0,0,0,0,10
Stover,16-O-14,10,1,0,0,0,0,0,0,0,0,0,0,0,0,0,0,0,0,0,0,0,0,0,0,0,0,11
Garner,16-O-15,48,2,0,0,0,0,0,0,0,0,0,0,0,2,1,0,0,0,0,0,0,0,0,0,0,0,53
Flower,16-O-16,21,0,5,0,0,0,0,0,0,0,0,0,0,0,0,0,0,0,0,0,0,0,0,0,0,0,26
Longstreet,16-O-17,15,2,0,0,0,0,0,0,0,0,0,0,0,0,0,0,0,0,0,0,0,0,0,0,0,0,17
Spendthrift,16-O-2,784,2,42,0,0,0,0,0,62,0,0,0,0,0,3,1,5,0,0,0,2,0,0,0,0,0,901
Everett,16-O-3,19,0,0,0,0,0,0,0,0,0,0,0,0,0,2,0,0,0,0,0,0,0,0,0,0,0,21
Garmon,16-O-6,10,0,1,0,0,0,0,0,0,0,0,0,0,0,0,0,0,0,0,0,0,0,0,0,0,0,11
Charleston,16-P-1,167,0,0,0,0,0,0,0,0,0,0,0,0,0,0,0,1,0,0,0,0,0,0,0,0,0,168
Shady Grove,16-P-2,174,3,20,0,0,0,0,1,0,0,0,0,0,0,2,1,0,0,0,0,0,0,0,0,0,0,201
Twin Lakes,16-P-3,135,4,23,0,0,0,0,0,0,0,0,0,0,0,0,0,0,0,0,0,0,0,0,0,0,0,162
Twin Lakes & White,16-P-3-4,9,0,1,0,0,0,0,0,0,0,0,0,0,0,0,0,0,0,0,0,0,0,0,0,0,0,10
White,16-P-4,178,5,20,0,0,0,0,0,0,1,0,0,0,0,3,0,0,0,0,0,0,0,1,0,0,0,208
Crosslyn,16-P-5,82,3,6,0,0,0,0,0,0,0,0,0,0,0,0,0,0,0,0,0,0,0,0,0,0,0,91
Cox,16-P-6,84,1,7,0,0,0,0,0,3,0,0,0,1,0,1,0,0,0,0,0,0,0,0,0,0,0,97
Mitchell,16-P-7,245,5,22,1,0,0,0,0,0,0,0,0,0,0,0,0,0,0,0,0,0,0,0,0,0,0,273
Blue Lake,16-P-8,146,3,0,0,0,2,0,0,0,0,0,0,0,0,5,0,0,0,0,0,0,0,0,0,0,0,156
Menard,17-K-1,922,1,6,0,0,0,0,1,19,0,0,1,0,0,30,0,1,1,1,53,1,0,0,6,0,0,1043
Thiele Hill,17-K-2,3,0,0,0,0,0,0,0,0,0,0,0,0,0,0,0,0,0,0,4,0,0,0,0,0,0,7
Wallace,17-K3,1331,12,13,0,0,0,0,0,0,0,2,0,0,0,54,0,5,0,0,85,0,4,0,1,0,0,1507
Almond Farm,17-K-4,94,0,0,0,0,0,0,0,0,0,0,0,0,0,0,0,0,0,0,0,0,0,0,0,0,0,94
Cooks ,17-K-5,12,0,0,0,0,0,0,0,7,0,0,0,0,0,0,0,0,0,0,0,0,0,0,0,0,0,19
Bond,17-K-6/A,5,0,0,0,0,0,0,0,0,0,0,0,0,0,0,0,0,0,0,0,0,0,0,0,0,0,5
Alma Brown,17-K-7/E/A,14,3,0,0,0,0,0,0,0,0,0,0,0,0,2,0,0,0,0,0,0,0,0,0,0,0,19
Alma Brown,17-K-7/E/B,407,60,8,0,0,1,0,0,8,3,0,0,0,0,1,0,0,0,0,0,0,0,0,0,0,0,488
Masey,17-L-1/B,106,1,0,0,0,0,0,0,0,0,0,0,0,0,1,0,0,0,0,1,0,0,0,0,0,0,109
Masey,17-L-1/C,14,0,2,0,0,0,0,0,0,0,0,0,0,0,0,0,0,0,0,0,0,0,1,0,0,0,17
Poor Place,17-L-3,22,0,0,0,0,0,0,0,0,0,0,0,0,0,0,0,0,0,0,0,0,0,0,0,0,0,22
Wynn,17-L-4,11,0,0,0,0,0,0,0,0,0,0,0,0,0,0,0,0,0,0,0,0,0,0,0,0,0,11
Bear Ridge,17-M-1,185,1,7,0,0,0,0,0,10,0,0,0,0,0,1,0,1,0,0,1,0,0,0,0,0,0,206
Bush,17-M-11,4122,22,162,0,1,0,0,1,11,4,7,0,0,0,6,1,4,0,0,0,3,2,1,11,0,0,4358
O'Donnell,17-M-12,86,0,4,0,0,0,0,0,0,0,0,0,0,0,0,0,0,0,0,0,1,0,0,0,0,0,91
MacGowan,17-M-16,52,0,0,0,0,0,0,0,0,0,0,0,0,0,0,0,0,0,0,0,0,0,0,0,0,0,52
Blanchard,17-M-2,163,1,23,0,0,0,0,0,9,0,0,0,0,1,0,0,1,0,0,0,2,0,0,4,6,0,210
Merigold,17-N-1,1641,34,65,1,0,0,0,3,79,0,39,1,0,1,9,1,4,0,1,0,9,6,0,4,3,2,1903
Dockery,17-N-11,488,5,20,0,0,0,0,0,11,0,3,0,0,0,3,0,1,0,3,0,1,0,0,0,0,0,535
Long Lake,17-N-12,284,4,10,0,0,0,0,0,0,0,0,0,1,0,0,0,0,0,0,0,0,0,0,1,0,0,300
Kimball,17-N-14,56,0,0,0,0,0,0,0,0,0,0,0,0,0,0,0,0,0,0,0,0,0,0,0,0,0,56
Cook,17-N-15,9,0,0,0,0,0,0,0,0,0,0,0,0,0,0,0,0,0,0,0,0,0,0,0,0,0,9
Wilnot,17-N-16,20,0,0,0,0,0,0,0,0,0,0,0,0,0,0,0,0,0,0,0,0,0,0,0,0,0,20
Walford,17-N-2,390,3,17,0,0,0,0,0,14,0,0,0,0,0,4,0,0,0,0,0,1,0,0,0,0,0,429
Debow,17-N-3,243,1,3,0,0,0,0,0,3,0,0,0,0,0,0,0,0,0,0,0,0,0,0,0,0,0,250
Penitentiary,17-N-4,119,5,7,0,0,1,0,0,0,0,0,0,0,0,4,0,1,0,0,0,0,0,0,0,0,0,137
May,17-N-5,41,0,0,0,0,0,0,0,0,0,0,0,0,0,0,0,0,0,0,0,0,0,0,0,0,0,41
Sid Dodd,17-N-6,25,0,6,0,0,0,0,0,0,0,0,0,0,0,0,0,0,0,0,0,0,0,0,0,0,0,31
Boyer,17-N-8,30,0,0,0,0,0,0,0,0,0,0,0,0,0,0,0,0,0,0,0,0,0,0,0,0,0,30
Vance,17-N-9,330,8,40,0,0,0,0,0,10,0,0,0,0,0,2,0,0,0,0,0,1,0,0,0,0,0,391
Buford,17-O-1,434,2,3,0,0,0,0,0,0,0,0,0,0,0,15,0,1,0,0,0,0,1,0,0,0,0,456
Cassidy Bayou,17-O-11,20,2,0,0,0,0,0,0,0,0,0,0,0,0,0,0,0,0,0,0,0,0,0,0,0,0,22
Rome,17-O-12,180,0,0,0,0,0,0,0,0,0,0,0,0,0,3,0,0,0,0,0,2,0,0,0,0,0,185
Petty,17-O-3,3,0,0,0,0,0,0,0,2,0,0,0,0,0,0,0,0,0,0,0,0,0,0,0,0,0,5
King,17-O-5,27,0,0,0,0,0,0,0,0,0,0,0,0,0,0,0,0,0,0,0,0,0,0,0,0,0,27
Jernberg,17-O-6,33,1,0,0,0,0,0,0,0,0,0,0,0,0,0,0,0,0,0,0,0,0,0,0,0,0,34
Falls,17-O-8,45,0,1,0,0,0,0,0,0,0,0,0,0,0,4,0,0,0,0,0,0,0,0,0,0,0,50
Powell Bayou,17-O-9,1831,65,227,4,1,0,0,3,48,0,2,0,2,0,21,4,4,0,2,0,0,2,1,11,2,0,2230
Tippo Bayou,17-P-1,247,2,0,0,0,0,0,0,0,0,0,0,0,0,1,0,0,0,1,0,0,0,0,0,0,0,251
Cason,17-P-2,1689,2,4,0,0,0,0,0,2,0,0,0,0,3,12,0,0,0,0,0,0,0,0,1,0,0,1713
Medley,18-K-1,57,0,0,0,0,0,0,0,1,0,1,0,0,0,0,0,0,0,0,0,1,0,0,2,0,0,62
Neblett Landing,18-L-1,304,3,3,0,0,0,0,0,0,0,0,0,0,0,0,0,1,0,0,1,1,0,0,0,0,0,313
Neblett Landing,18-L-1/C,36,0,0,0,0,0,0,0,0,0,0,0,0,0,0,0,0,0,0,0,0,0,0,2,0,0,38
Stringtown,18-M-3,15,0,0,0,0,0,0,0,0,0,0,0,0,0,0,0,0,0,0,0,0,0,0,1,0,0,16
Lipe,18-M-4,757,13,71,0,0,0,0,0,29,0,0,0,0,0,0,0,0,0,0,0,6,0,0,27,0,0,903
Marlow,18-N-1,397,26,44,0,0,0,0,0,8,2,0,0,0,0,2,0,1,0,0,0,0,0,0,6,0,0,486
Marlow Cemetery,18-N-2,13,0,0,0,0,0,0,0,0,0,0,0,0,0,0,0,0,0,0,0,0,0,0,0,0,0,13
Steiner,18-N-4,236,3,8,0,0,0,0,0,2,0,0,0,0,0,0,0,0,0,0,0,0,0,0,0,0,0,249
Boyer,18-N-7,446,6,6,0,0,0,0,0,3,0,0,0,0,0,1,0,0,0,0,0,0,0,0,4,0,0,466
Mac Gregor,18-N-8,19,0,0,0,0,0,0,0,0,0,0,0,0,0,0,0,0,0,0,0,0,0,0,0,0,0,19
Eastland,18-N-9,22,0,3,0,0,0,0,0,0,0,0,0,0,0,0,0,0,0,0,0,0,0,0,1,0,0,26
Whaley,18-P-2,218,4,0,0,0,0,0,0,0,0,0,0,0,0,0,0,0,0,0,0,0,0,0,0,0,0,222
Winterville,19-L-1,1477,11,15,0,0,0,0,0,170,0,0,0,0,2,0,0,0,0,0,0,0,0,0,16,0,0,1691
Ely,19-L-3,38,0,1,0,0,0,0,0,4,0,0,0,0,0,0,0,0,0,0,0,0,0,0,1,0,0,44
Metcalfe,19-L-4,216,7,0,0,0,0,0,0,17,0,0,0,0,0,0,0,0,0,0,2,0,0,0,8,0,0,250
Refuge,19-L-6,304,21,0,0,0,0,0,0,263,0,0,0,0,0,0,0,0,0,0,0,0,0,0,28,0,0,616
Leland,19-M-1,7306,83,82,0,0,0,0,0,441,0,0,3,1,0,11,0,2,0,0,0,5,0,0,394,12,54,8394
Sheldon,19-M-2,146,3,3,0,0,0,0,0,8,0,0,0,0,0,0,0,0,0,0,0,0,0,0,6,0,0,166
Stoneville,19-M-3,143,2,9,0,0,0,0,0,36,0,0,0,0,0,1,0,2,0,0,0,0,0,0,30,0,6,229
Holly Knowe,19-M-5,13,0,0,0,0,0,0,0,0,0,0,0,0,0,0,0,0,0,0,0,0,0,0,0,0,0,13
Arcola School,19-M-6,84,0,0,0,0,0,0,0,1,0,0,0,0,1,0,0,0,0,0,0,0,0,0,0,0,0,86
Polk,19-M-7,9,0,0,0,0,0,0,0,0,0,0,0,0,0,0,0,0,0,0,0,0,0,0,0,0,0,9
Kinlock,19-N-1,5109,88,51,1,0,1,0,0,165,0,0,0,0,0,2,1,0,0,0,0,0,0,0,144,0,48,5610
Shields,19-N-2,12,0,0,0,0,0,0,0,0,0,0,0,0,0,0,0,0,0,0,0,0,0,0,0,0,0,12
Bay Lake,19-N-3,976,7,6,1,0,0,0,0,7,0,0,0,0,0,0,0,0,0,0,0,0,0,0,6,0,2,1005
Failing,19-N-5,330,4,11,1,0,0,0,0,13,0,0,0,0,1,0,0,0,0,0,0,0,0,0,10,0,2,372
Lake Dawson,19-N-6,328,3,0,0,0,0,0,0,10,0,0,0,0,0,1,0,0,0,0,0,0,0,0,4,0,0,346
Mc Lean,19-O-1,214,4,3,0,0,0,0,0,0,0,0,0,0,0,10,0,4,1,0,0,0,0,0,2,0,0,238
Shell Bluff,19-O-2,16,0,0,0,0,0,0,0,0,0,0,0,0,0,0,0,0,0,0,0,0,0,0,0,0,0,16
Fleming,19-O-3,6,0,0,0,0,0,0,0,0,0,0,0,0,0,0,0,1,0,0,0,0,0,0,0,0,0,7
Roebuck,19-P-2,8,0,0,0,0,0,0,0,0,0,0,0,0,0,0,0,0,0,0,0,0,0,0,0,0,0,8
Arcola,20-M-1,1900,67,43,1,0,0,0,0,528,0,0,0,0,0,0,0,1,0,0,0,4,0,1,146,0,63,2754
Deer Creek,20-M-2,1046,17,27,0,0,0,0,0,105,0,0,0,0,0,0,0,0,0,0,0,0,0,1,61,1,31,1289
Panther Burn,20-M-3,100,1,1,0,0,0,0,0,9,0,0,0,0,0,0,0,0,0,0,0,0,0,0,7,0,6,124
Lessirdell,20-M-4,12,0,0,0,0,0,0,0,0,0,0,0,0,0,0,0,0,0,0,0,0,0,0,0,0,0,12
Swan Lake,20-M-5,173,3,0,0,0,0,0,0,7,0,0,0,0,0,0,0,0,0,0,0,0,0,0,4,0,0,187
Midnight,20-N-1,6,0,0,0,0,0,0,0,0,0,0,0,0,0,0,0,0,0,0,0,0,0,0,0,0,0,6
Summerfield,20-N-2,140,0,3,0,0,0,0,0,3,0,0,0,0,0,0,0,0,0,0,0,0,0,0,1,0,0,147
Jaketown,20-O-1,857,15,7,0,0,0,0,0,103,0,0,0,0,0,15,0,10,0,0,0,0,0,0,127,10,13,1157
Belzoni,20-O-2,59,0,0,0,0,0,0,0,0,0,0,0,0,0,0,0,0,0,0,0,0,0,0,0,0,0,59
Lamkin,20-O-3,290,0,0,0,0,0,0,0,0,0,0,0,0,0,1,0,0,0,0,0,0,0,0,5,0,0,296
Silver City ,20-O-5,2133,40,59,0,0,0,0,0,90,0,0,2,0,0,9,0,1,0,0,0,0,0,13,235,1,70,2653
