# Phase outlines of Phillips (1970) as redrawn by Lipo (2001: Figure 2.6, printed p. 20),
# read from the vector paths of the BAR volume's PDF by scripts/build_phillips1970_outlines.py.
# x_pt, y_pt are PDF points on that page (y up); longitude and latitude follow from the figure's
# frame, LMS columns N-Q by rows 10-14: longitude -90.75 to -89.75, latitude 34.5 to 35.75.
# Column lines at x_pt = 148.03, 217.47, 286.35, 355.23, 426.91; frame bottom and top at y_pt = 251.51, 661.99.
# Georeference check, nothing fitted: of 51 project assemblages inside the frame, 37 have a plotted site dot within 3 km;
# for those the nearest dot is a median 0.48 km away (maximum 1.21 km). No dot within 3 km: 40TP026, Cummins, Fullen, Graves_Lake, Hatchie, Holden_Lake, Jeter, Jones_Bayou, Porter, Rast, Richardsons_Landing, Soudan, Wilder, Young.
# The Parkin outline is open on its west side in the source, where it runs into the frame;
# readers close it with a straight segment (first vertex to last).
phase,vertex,longitude,latitude,x_pt,y_pt
Nodena,0,-90.19277,35.2547,302.12,499.34
Nodena,1,-90.19132,35.25249,302.52,498.61
Nodena,2,-90.18951,35.25088,303.01,498.08
Nodena,3,-90.1874,35.24978,303.6,497.73
Nodena,4,-90.18501,35.24912,304.26,497.51
Nodena,5,-90.18239,35.24882,304.98,497.41
Nodena,6,-90.17959,35.2488,305.75,497.4
Nodena,7,-90.17663,35.24896,306.56,497.46
Nodena,8,-90.17357,35.24924,307.41,497.55
Nodena,9,-90.17045,35.24955,308.27,497.65
Nodena,10,-90.16731,35.24982,309.13,497.74
Nodena,11,-90.16418,35.24995,309.99,497.78
Nodena,12,-90.16111,35.24987,310.84,497.75
Nodena,13,-90.15829,35.24982,311.62,497.74
Nodena,14,-90.15584,35.25005,312.29,497.81
Nodena,15,-90.15367,35.25053,312.89,497.97
Nodena,16,-90.15171,35.25118,313.43,498.19
Nodena,17,-90.14991,35.25198,313.93,498.45
Nodena,18,-90.14817,35.25286,314.41,498.74
Nodena,19,-90.14643,35.25377,314.88,499.04
Nodena,20,-90.14462,35.25467,315.38,499.33
Nodena,21,-90.14267,35.25551,315.92,499.61
Nodena,22,-90.1405,35.25622,316.52,499.84
Nodena,23,-90.13804,35.25678,317.2,500.02
Nodena,24,-90.13523,35.25711,317.97,500.13
Nodena,25,-90.13231,35.25735,318.78,500.21
Nodena,26,-90.12961,35.25765,319.52,500.31
Nodena,27,-90.12712,35.25799,320.21,500.42
Nodena,28,-90.12485,35.25836,320.83,500.54
Nodena,29,-90.12281,35.25877,321.39,500.68
Nodena,30,-90.121,35.25921,321.89,500.82
Nodena,31,-90.11942,35.25966,322.33,500.97
Nodena,32,-90.11807,35.26012,322.7,501.12
Nodena,33,-90.11696,35.26059,323.0,501.27
Nodena,34,-90.11609,35.26105,323.24,501.43
Nodena,35,-90.11547,35.26151,323.42,501.58
Nodena,36,-90.11509,35.26194,323.52,501.72
Nodena,37,-90.11471,35.26238,323.62,501.86
Nodena,38,-90.11409,35.26291,323.8,502.04
Nodena,39,-90.11322,35.26361,324.04,502.27
Nodena,40,-90.1121,35.26456,324.34,502.58
Nodena,41,-90.11076,35.26585,324.71,503.0
Nodena,42,-90.10917,35.26754,325.15,503.56
Nodena,43,-90.10736,35.26973,325.65,504.28
Nodena,44,-90.10532,35.2725,326.21,505.18
Nodena,45,-90.10305,35.27592,326.84,506.31
Nodena,46,-90.10057,35.28007,327.52,507.67
Nodena,47,-90.09786,35.28504,328.27,509.3
Nodena,48,-90.09495,35.29091,329.07,511.23
Nodena,49,-90.09205,35.29673,329.87,513.14
Nodena,50,-90.08937,35.30163,330.61,514.75
Nodena,51,-90.08689,35.30574,331.29,516.1
Nodena,52,-90.08455,35.30922,331.93,517.24
Nodena,53,-90.08233,35.31221,332.55,518.23
Nodena,54,-90.08019,35.31486,333.14,519.1
Nodena,55,-90.07809,35.31731,333.71,519.9
Nodena,56,-90.076,35.31972,334.29,520.69
Nodena,57,-90.07387,35.32223,334.88,521.52
Nodena,58,-90.07168,35.32499,335.48,522.42
Nodena,59,-90.06938,35.32814,336.11,523.46
Nodena,60,-90.06695,35.33184,336.79,524.67
Nodena,61,-90.06432,35.33598,337.51,526.03
Nodena,62,-90.06147,35.34037,338.29,527.47
Nodena,63,-90.0584,35.345,339.14,528.99
Nodena,64,-90.05511,35.34989,340.05,530.6
Nodena,65,-90.0516,35.35503,341.01,532.29
Nodena,66,-90.04785,35.36044,342.05,534.06
Nodena,67,-90.04388,35.36611,343.14,535.93
Nodena,68,-90.03967,35.37205,344.3,537.88
Nodena,69,-90.03522,35.37826,345.53,539.91
Nodena,70,-90.03054,35.38474,346.82,542.04
Nodena,71,-90.02561,35.3915,348.17,544.26
Nodena,72,-90.02044,35.39855,349.6,546.58
Nodena,73,-90.01525,35.40564,351.03,548.91
Nodena,74,-90.01027,35.41253,352.4,551.17
Nodena,75,-90.00548,35.41923,353.72,553.37
Nodena,76,-90.00089,35.42575,354.99,555.51
Nodena,77,-89.99663,35.43207,356.2,557.59
Nodena,78,-89.99259,35.43822,357.36,559.61
Nodena,79,-89.98873,35.4442,358.46,561.57
Nodena,80,-89.98505,35.45,359.52,563.47
Nodena,81,-89.98155,35.45563,360.52,565.32
Nodena,82,-89.97822,35.46109,361.48,567.12
Nodena,83,-89.97506,35.4664,362.38,568.86
Nodena,84,-89.97207,35.47155,363.24,570.55
Nodena,85,-89.96925,35.47663,364.05,572.22
Nodena,86,-89.96659,35.48173,364.81,573.89
Nodena,87,-89.96411,35.48685,365.52,575.58
Nodena,88,-89.96178,35.492,366.19,577.27
Nodena,89,-89.95963,35.49718,366.81,578.97
Nodena,90,-89.95763,35.50238,367.38,580.68
Nodena,91,-89.9558,35.50763,367.9,582.4
Nodena,92,-89.95412,35.51291,368.38,584.13
Nodena,93,-89.95261,35.51823,368.82,585.88
Nodena,94,-89.95125,35.5236,369.21,587.64
Nodena,95,-89.95005,35.52902,369.55,589.42
Nodena,96,-89.949,35.53449,369.85,591.22
Nodena,97,-89.94805,35.53993,370.13,593.01
Nodena,98,-89.94711,35.54527,370.39,594.76
Nodena,99,-89.9462,35.55051,370.66,596.48
Nodena,100,-89.94531,35.55565,370.91,598.17
Nodena,101,-89.94444,35.5607,371.16,599.82
Nodena,102,-89.94359,35.56565,371.4,601.45
Nodena,103,-89.94277,35.57052,371.64,603.05
Nodena,104,-89.94196,35.5753,371.87,604.62
Nodena,105,-89.94117,35.58,372.1,606.16
Nodena,106,-89.9404,35.58462,372.32,607.68
Nodena,107,-89.93965,35.58917,372.53,609.18
Nodena,108,-89.93891,35.59365,372.75,610.64
Nodena,109,-89.93835,35.59795,372.91,612.06
Nodena,110,-89.93813,35.60197,372.97,613.38
Nodena,111,-89.93826,35.60573,372.93,614.61
Nodena,112,-89.93872,35.60922,372.8,615.76
Nodena,113,-89.93952,35.61244,372.57,616.81
Nodena,114,-89.94067,35.61539,372.24,617.78
Nodena,115,-89.94215,35.61808,371.82,618.67
Nodena,116,-89.94399,35.6205,371.29,619.46
Nodena,117,-89.94616,35.62267,370.67,620.18
Nodena,118,-89.94868,35.62458,369.94,620.8
Nodena,119,-89.95155,35.62623,369.12,621.34
Nodena,120,-89.95477,35.62762,368.2,621.8
Nodena,121,-89.95815,35.62884,367.23,622.2
Nodena,122,-89.96152,35.62998,366.26,622.58
Nodena,123,-89.96489,35.63102,365.3,622.92
Nodena,124,-89.96825,35.63198,364.33,623.23
Nodena,125,-89.9716,35.63284,363.37,623.51
Nodena,126,-89.97495,35.63362,362.41,623.77
Nodena,127,-89.9783,35.6343,361.45,624.0
Nodena,128,-89.98166,35.6349,360.49,624.19
Nodena,129,-89.98502,35.63542,359.53,624.36
Nodena,130,-89.98838,35.63584,358.56,624.5
Nodena,131,-89.99175,35.63618,357.59,624.61
Nodena,132,-89.99514,35.63643,356.62,624.7
Nodena,133,-89.99862,35.63659,355.63,624.74
Nodena,134,-90.00238,35.63661,354.58,624.75
Nodena,135,-90.00639,35.63652,353.47,624.72
Nodena,136,-90.01061,35.63631,352.31,624.65
Nodena,137,-90.01503,35.63597,351.09,624.54
Nodena,138,-90.01966,35.63551,349.81,624.39
Nodena,139,-90.02449,35.63493,348.48,624.2
Nodena,140,-90.02955,35.63422,347.09,623.97
Nodena,141,-90.03481,35.63339,345.64,623.69
Nodena,142,-90.0403,35.63243,344.13,623.38
Nodena,143,-90.04601,35.63135,342.55,623.03
Nodena,144,-90.05195,35.63014,340.92,622.63
Nodena,145,-90.05787,35.62888,339.29,622.21
Nodena,146,-90.06355,35.62762,337.72,621.8
Nodena,147,-90.06898,35.62636,336.23,621.39
Nodena,148,-90.07417,35.6251,334.79,620.97
Nodena,149,-90.07913,35.62385,333.43,620.56
Nodena,150,-90.08385,35.62259,332.13,620.15
Nodena,151,-90.08834,35.62134,330.89,619.74
Nodena,152,-90.0926,35.62008,329.72,619.33
Nodena,153,-90.09664,35.61883,328.6,618.91
Nodena,154,-90.10046,35.61757,327.55,618.5
Nodena,155,-90.10406,35.6163,326.56,618.08
Nodena,156,-90.10744,35.61503,325.63,617.67
Nodena,157,-90.11064,35.6137,324.75,617.23
Nodena,158,-90.11368,35.61223,323.91,616.75
Nodena,159,-90.11657,35.61063,323.11,616.22
Nodena,160,-90.11931,35.60889,322.36,615.65
Nodena,161,-90.1219,35.60701,321.64,615.03
Nodena,162,-90.12434,35.60499,320.97,614.37
Nodena,163,-90.12663,35.60283,320.34,613.66
Nodena,164,-90.12878,35.60052,319.75,612.9
Nodena,165,-90.13078,35.59808,319.2,612.1
Nodena,166,-90.13265,35.59549,318.68,611.25
Nodena,167,-90.13437,35.59275,318.21,610.35
Nodena,168,-90.13595,35.58986,317.77,609.4
Nodena,169,-90.13744,35.58689,317.36,608.43
Nodena,170,-90.13888,35.5839,316.97,607.44
Nodena,171,-90.14028,35.58087,316.58,606.45
Nodena,172,-90.14163,35.57782,316.21,605.45
Nodena,173,-90.14294,35.57474,315.85,604.43
Nodena,174,-90.14421,35.57162,315.5,603.41
Nodena,175,-90.14543,35.56847,315.16,602.38
Nodena,176,-90.14662,35.56528,314.83,601.33
Nodena,177,-90.14776,35.56205,314.52,600.27
Nodena,178,-90.14886,35.55878,314.22,599.19
Nodena,179,-90.14992,35.55547,313.92,598.11
Nodena,180,-90.15095,35.55211,313.64,597.0
Nodena,181,-90.15197,35.54871,313.36,595.89
Nodena,182,-90.15304,35.54529,313.06,594.77
Nodena,183,-90.15414,35.54185,312.76,593.64
Nodena,184,-90.15528,35.53838,312.45,592.5
Nodena,185,-90.15647,35.53488,312.12,591.35
Nodena,186,-90.15769,35.53134,311.78,590.18
Nodena,187,-90.15896,35.52777,311.43,589.01
Nodena,188,-90.16027,35.52416,311.07,587.83
Nodena,189,-90.16162,35.52052,310.7,586.63
Nodena,190,-90.16302,35.51683,310.31,585.42
Nodena,191,-90.16446,35.51309,309.92,584.19
Nodena,192,-90.16595,35.50931,309.51,582.95
Nodena,193,-90.16743,35.50557,309.1,581.72
Nodena,194,-90.16884,35.50197,308.71,580.54
Nodena,195,-90.17019,35.4985,308.34,579.4
Nodena,196,-90.17147,35.49515,307.99,578.3
Nodena,197,-90.17268,35.49194,307.65,577.24
Nodena,198,-90.17384,35.48884,307.33,576.23
Nodena,199,-90.17493,35.48588,307.03,575.25
Nodena,200,-90.17595,35.48303,306.75,574.32
Nodena,201,-90.17692,35.4803,306.48,573.42
Nodena,202,-90.17783,35.47769,306.24,572.57
Nodena,203,-90.17867,35.47519,306.0,571.75
Nodena,204,-90.17946,35.47281,305.79,570.96
Nodena,205,-90.18021,35.47035,305.58,570.16
Nodena,206,-90.18096,35.46763,305.37,569.26
Nodena,207,-90.18171,35.46463,305.16,568.28
Nodena,208,-90.18246,35.46135,304.96,567.2
Nodena,209,-90.18321,35.4578,304.75,566.04
Nodena,210,-90.18395,35.45397,304.55,564.78
Nodena,211,-90.1847,35.44986,304.34,563.43
Nodena,212,-90.18545,35.44547,304.14,561.98
Nodena,213,-90.18619,35.44078,303.93,560.45
Nodena,214,-90.18694,35.43581,303.72,558.81
Nodena,215,-90.18769,35.43054,303.52,557.08
Nodena,216,-90.18845,35.42498,303.31,555.26
Nodena,217,-90.18919,35.41939,303.1,553.42
Nodena,218,-90.18992,35.41402,302.9,551.66
Nodena,219,-90.19062,35.40887,302.71,549.97
Nodena,220,-90.19129,35.40395,302.52,548.35
Nodena,221,-90.19195,35.39924,302.34,546.8
Nodena,222,-90.19258,35.39474,302.17,545.33
Nodena,223,-90.19319,35.39046,302.0,543.92
Nodena,224,-90.19378,35.38639,301.84,542.58
Nodena,225,-90.19435,35.38252,301.68,541.31
Nodena,226,-90.1949,35.37885,301.53,540.11
Nodena,227,-90.19544,35.37539,301.38,538.97
Nodena,228,-90.19595,35.37212,301.24,537.9
Nodena,229,-90.19647,35.36888,301.1,536.83
Nodena,230,-90.19704,35.36549,300.94,535.72
Nodena,231,-90.19764,35.36195,300.77,534.56
Nodena,232,-90.19829,35.35827,300.6,533.35
Nodena,233,-90.19897,35.35443,300.41,532.09
Nodena,234,-90.1997,35.35043,300.21,530.78
Nodena,235,-90.20047,35.34628,300.0,529.41
Nodena,236,-90.20128,35.34196,299.77,528.0
Nodena,237,-90.20213,35.33748,299.54,526.52
Nodena,238,-90.20303,35.33283,299.29,525.0
Nodena,239,-90.20397,35.32802,299.03,523.42
Nodena,240,-90.20495,35.32303,298.76,521.78
Nodena,241,-90.20586,35.3184,298.51,520.26
Nodena,242,-90.20659,35.3146,298.31,519.01
Nodena,243,-90.20714,35.31149,298.16,517.99
Nodena,244,-90.20754,35.30894,298.05,517.15
Nodena,245,-90.2078,35.30682,297.98,516.45
Nodena,246,-90.20794,35.305,297.94,515.86
Nodena,247,-90.20798,35.30336,297.93,515.32
Nodena,248,-90.20792,35.30177,297.94,514.8
Nodena,249,-90.2078,35.3001,297.98,514.25
Nodena,250,-90.20762,35.29822,298.03,513.63
Nodena,251,-90.20739,35.29601,298.09,512.9
Nodena,252,-90.20715,35.29332,298.16,512.02
Nodena,253,-90.20675,35.29027,298.27,511.02
Nodena,254,-90.20608,35.28705,298.45,509.96
Nodena,255,-90.20519,35.28372,298.7,508.87
Nodena,256,-90.20409,35.2803,299.0,507.75
Nodena,257,-90.20284,35.27684,299.34,506.61
Nodena,258,-90.20147,35.27337,299.72,505.47
Nodena,259,-90.20001,35.26994,300.12,504.35
Nodena,260,-90.19851,35.26659,300.54,503.24
Nodena,261,-90.197,35.26335,300.95,502.18
Nodena,262,-90.19551,35.26026,301.36,501.17
Nodena,263,-90.19409,35.25736,301.75,500.22
Nodena,264,-90.19277,35.2547,302.12,499.34
Parkin,0,-90.73855,35.00461,151.21,417.21
Parkin,1,-90.73727,34.98832,151.57,411.87
Parkin,2,-90.73567,34.97409,152.01,407.19
Parkin,3,-90.73374,34.96189,152.55,403.19
Parkin,4,-90.73149,34.95175,153.17,399.86
Parkin,5,-90.7289,34.94365,153.89,397.2
Parkin,6,-90.72601,34.93759,154.7,395.21
Parkin,7,-90.72277,34.93357,155.59,393.89
Parkin,8,-90.71921,34.93161,156.58,393.24
Parkin,9,-90.7047,34.92878,160.61,392.31
Parkin,10,-90.69093,34.92784,164.44,392.0
Parkin,11,-90.68377,34.92862,166.43,392.26
Parkin,12,-90.67569,34.93098,168.67,393.04
Parkin,13,-90.66666,34.93491,171.18,394.33
Parkin,14,-90.65672,34.94042,173.94,396.14
Parkin,15,-90.64722,34.94796,176.58,398.61
Parkin,16,-90.6396,34.95804,178.7,401.92
Parkin,17,-90.63384,34.97062,180.3,406.05
Parkin,18,-90.62993,34.98573,181.38,411.02
Parkin,19,-90.62621,35.01624,182.41,421.04
Parkin,20,-90.62696,35.04237,182.21,429.61
Parkin,21,-90.62769,35.05471,182.0,433.67
Parkin,22,-90.62696,35.06786,182.21,437.98
Parkin,23,-90.62472,35.08178,182.83,442.55
Parkin,24,-90.621,35.09649,183.86,447.39
Parkin,25,-90.61021,35.12449,186.86,456.58
Parkin,26,-90.59571,35.14809,190.89,464.33
Parkin,27,-90.59084,35.15364,192.24,466.15
Parkin,28,-90.58444,35.15957,194.02,468.1
Parkin,29,-90.57653,35.16591,196.21,470.18
Parkin,30,-90.56706,35.17263,198.84,472.39
Parkin,31,-90.55606,35.17976,201.9,474.73
Parkin,32,-90.54353,35.18726,205.38,477.2
Parkin,33,-90.52947,35.19517,209.29,479.79
Parkin,34,-90.51386,35.20347,213.62,482.52
Parkin,35,-90.48257,35.21999,222.27,487.94
Parkin,36,-90.45434,35.23557,230.05,493.06
Parkin,37,-90.42932,35.25019,236.95,497.86
Parkin,38,-90.40747,35.26388,242.96,502.36
Parkin,39,-90.38871,35.27647,248.13,506.49
Parkin,40,-90.37296,35.2878,252.47,510.21
Parkin,41,-90.36021,35.29787,255.98,513.52
Parkin,42,-90.35046,35.30668,258.67,516.41
Parkin,43,-90.34277,35.31548,260.79,519.3
Parkin,44,-90.33621,35.32556,262.6,522.61
Parkin,45,-90.33076,35.33688,264.1,526.33
Parkin,46,-90.32645,35.34947,265.29,530.46
Parkin,47,-90.32402,35.3626,265.96,534.77
Parkin,48,-90.3242,35.37558,265.91,539.04
Parkin,49,-90.32702,35.3884,265.13,543.25
Parkin,50,-90.33245,35.40107,263.63,547.41
Parkin,51,-90.3482,35.42687,259.29,555.88
Parkin,52,-90.36846,35.45394,253.71,564.77
Parkin,53,-90.38036,35.46667,250.43,568.95
Parkin,54,-90.39359,35.47721,246.79,572.41
Parkin,55,-90.40812,35.48555,242.79,575.15
Parkin,56,-90.42396,35.49169,238.42,577.16
Parkin,57,-90.4581,35.49955,229.02,579.75
Parkin,58,-90.49448,35.50303,218.99,580.89
Parkin,59,-90.51265,35.50286,213.96,580.83
Parkin,60,-90.52986,35.50114,209.18,580.27
Parkin,61,-90.54614,35.49783,204.66,579.18
Parkin,62,-90.56148,35.49295,200.39,577.58
Parkin,63,-90.56913,35.48947,198.27,576.43
Parkin,64,-90.5772,35.4847,196.03,574.87
Parkin,65,-90.58568,35.47862,193.67,572.87
Parkin,66,-90.59458,35.47124,191.2,570.45
Parkin,67,-90.60391,35.46257,188.61,567.6
Parkin,68,-90.61365,35.4526,185.9,564.33
Parkin,69,-90.62382,35.44133,183.08,560.62
Parkin,70,-90.6344,35.42876,180.14,556.5
Parkin,71,-90.65392,35.40351,174.72,548.21
Parkin,72,-90.66936,35.38062,170.43,540.69
Parkin,73,-90.68071,35.36009,167.28,533.95
Parkin,74,-90.68797,35.34192,165.26,527.98
Parkin,75,-90.69335,35.32257,163.77,521.63
Parkin,76,-90.69913,35.2985,162.16,513.72
Parkin,77,-90.70526,35.26971,160.46,504.27
Parkin,78,-90.71178,35.23619,158.65,493.26
Parkin,79,-90.71819,35.20198,156.87,482.03
Parkin,80,-90.72405,35.17106,155.24,471.88
Parkin,81,-90.72935,35.14345,153.77,462.81
Parkin,82,-90.73409,35.11914,152.45,454.82
Parkin,83,-90.73772,35.09499,151.44,446.89
Parkin,84,-90.73968,35.06786,150.9,437.98
Parkin,85,-90.73996,35.03773,150.82,428.09
Walls,0,-90.24995,35.13551,286.36,460.2
Walls,1,-90.26739,35.13291,281.56,459.35
Walls,2,-90.28671,35.12638,276.23,457.2
Walls,3,-90.3079,35.11591,270.4,453.77
Walls,4,-90.33096,35.10152,264.04,449.04
Walls,5,-90.34214,35.09336,260.96,446.36
Walls,6,-90.35168,35.08524,258.34,443.69
Walls,7,-90.35959,35.07715,256.16,441.04
Walls,8,-90.36584,35.06911,254.43,438.39
Walls,9,-90.37046,35.0611,253.16,435.77
Walls,10,-90.37344,35.05314,252.34,433.15
Walls,11,-90.37477,35.04522,251.97,430.55
Walls,12,-90.37446,35.03733,252.06,427.96
Walls,13,-90.37034,35.02105,253.2,422.61
Walls,14,-90.36247,35.00366,255.36,416.9
Walls,15,-90.35084,34.98517,258.57,410.83
Walls,16,-90.33546,34.96558,262.8,404.4
Walls,17,-90.31924,34.94639,267.27,398.1
Walls,18,-90.30509,34.92909,271.17,392.41
Walls,19,-90.29299,34.91367,274.5,387.35
Walls,20,-90.28296,34.90013,277.27,382.91
Walls,21,-90.2672,34.87496,281.61,374.64
Walls,22,-90.25595,34.84979,284.71,366.38
Walls,23,-90.24911,34.83932,286.59,362.94
Walls,24,-90.23757,34.83311,289.77,360.9
Walls,25,-90.22135,34.83115,294.24,360.25
Walls,26,-90.20044,34.83343,300.0,361.0
Walls,27,-90.17945,34.83838,305.79,362.63
Walls,28,-90.16294,34.84444,310.34,364.62
Walls,29,-90.15095,34.8516,313.64,366.97
Walls,30,-90.14345,34.85987,315.71,369.68
Walls,31,-90.13745,34.86891,317.36,372.65
Walls,32,-90.12994,34.87842,319.43,375.78
Walls,33,-90.12095,34.88842,321.91,379.06
Walls,34,-90.11044,34.89888,324.8,382.5
Walls,35,-90.1006,34.91084,327.51,386.42
Walls,36,-90.09357,34.92531,329.45,391.18
Walls,37,-90.08935,34.9423,330.61,396.75
Walls,38,-90.08794,34.96181,331.0,403.16
Walls,39,-90.08748,34.98123,331.13,409.54
Walls,40,-90.08607,34.998,331.52,415.04
Walls,41,-90.08372,35.01208,332.16,419.67
Walls,42,-90.08044,35.02349,333.07,423.41
Walls,43,-90.07866,35.0341,333.56,426.9
Walls,44,-90.08081,35.04583,332.96,430.75
Walls,45,-90.08691,35.05865,331.29,434.96
Walls,46,-90.09695,35.07257,328.52,439.53
Walls,47,-90.11044,35.08634,324.8,444.05
Walls,48,-90.12695,35.09869,320.25,448.11
Walls,49,-90.14644,35.10962,314.88,451.7
Walls,50,-90.16894,35.11914,308.68,454.82
Walls,51,-90.19201,35.12678,302.33,457.33
Walls,52,-90.2132,35.13205,296.49,459.06
Walls,53,-90.23251,35.13496,291.17,460.02
Kent,0,-90.73855,34.87371,151.21,374.23
Kent,1,-90.73428,34.88708,152.4,378.62
Kent,2,-90.72591,34.89825,154.72,382.29
Kent,3,-90.71345,34.90722,158.18,385.23
Kent,4,-90.6969,34.91398,162.78,387.45
Kent,5,-90.66081,34.92688,172.8,391.69
Kent,6,-90.62696,34.94293,182.21,396.96
Kent,7,-90.60891,34.95245,187.22,400.09
Kent,8,-90.58752,34.96339,193.16,403.68
Kent,9,-90.56279,34.97574,200.03,407.73
Kent,10,-90.5347,34.9895,207.83,412.25
Kent,11,-90.51958,34.99527,212.03,414.15
Kent,12,-90.50402,34.99808,216.36,415.07
Kent,13,-90.48787,34.99794,220.81,415.02
Kent,14,-90.47123,34.99486,225.4,414.01
Kent,15,-90.45411,34.98881,230.11,412.03
Kent,16,-90.43653,34.97983,234.96,409.08
Kent,17,-90.41848,34.96789,239.93,405.16
Kent,18,-90.39997,34.95301,245.03,400.27
Kent,19,-90.38124,34.93595,250.19,394.67
Kent,20,-90.36255,34.91752,255.34,388.62
Kent,21,-90.34392,34.89772,260.47,382.11
Kent,22,-90.32533,34.87654,265.59,375.16
Kent,23,-90.3068,34.85399,270.7,367.75
Kent,24,-90.2883,34.83004,275.8,359.89
Kent,25,-90.26986,34.80473,280.88,351.58
Kent,26,-90.25145,34.77805,285.95,342.82
Kent,27,-90.23533,34.75174,290.39,334.18
Kent,28,-90.22371,34.72754,293.59,326.23
Kent,29,-90.21658,34.70549,295.56,318.99
Kent,30,-90.21395,34.68554,296.28,312.44
Kent,31,-90.21582,34.66772,295.77,306.59
Kent,32,-90.2222,34.65203,294.01,301.43
Kent,33,-90.23308,34.63846,291.01,296.98
Kent,34,-90.24846,34.62701,286.77,293.22
Kent,35,-90.28521,34.60759,276.65,286.84
Kent,36,-90.32497,34.59083,265.7,281.34
Kent,37,-90.36771,34.57674,253.92,276.71
Kent,38,-90.41346,34.56534,241.31,272.96
Kent,39,-90.43616,34.56082,235.06,271.48
Kent,40,-90.45698,34.55732,229.32,270.33
Kent,41,-90.47592,34.55483,224.11,269.52
Kent,42,-90.49297,34.55338,219.41,269.04
Kent,43,-90.50809,34.55295,215.22,268.9
Kent,44,-90.5213,34.55354,211.55,269.09
Kent,45,-90.53265,34.55515,208.4,269.62
Kent,46,-90.54214,34.55778,205.77,270.48
Kent,47,-90.55823,34.56392,201.3,272.5
Kent,48,-90.57227,34.56975,197.4,274.41
Kent,49,-90.58428,34.57526,194.06,276.22
Kent,50,-90.59422,34.58044,191.3,277.93
Kent,51,-90.61244,34.58894,186.24,280.71
Kent,52,-90.63142,34.59429,180.97,282.47
Kent,53,-90.64202,34.59814,178.02,283.74
Kent,54,-90.65448,34.60593,174.56,286.3
Kent,55,-90.66881,34.61765,170.58,290.14
Kent,56,-90.68498,34.63331,166.09,295.29
Kent,57,-90.70034,34.65171,161.82,301.33
Kent,58,-90.71214,34.67169,158.55,307.89
Kent,59,-90.72042,34.69325,156.25,314.97
Kent,60,-90.72516,34.71637,154.93,322.56
Kent,61,-90.72796,34.73872,154.15,329.9
Kent,62,-90.73037,34.75791,153.48,336.2
Kent,63,-90.73242,34.77396,152.91,341.47
Kent,64,-90.73409,34.78686,152.45,345.71
Kent,65,-90.73708,34.80825,151.62,352.73
Kent,66,-90.74004,34.82714,150.8,358.94
Kent,67,-90.74107,34.83666,150.51,362.06
Kent,68,-90.74117,34.84759,150.48,365.65
Kent,69,-90.74032,34.85994,150.72,369.71
